declaration_id,student_id,program_id,start_term_id,end_term_id,declaration_status
D000001,STU00001,P003,2023FA,2026SP,Final Program
D000002,STU00002,P002,2024FA,2025SU,Changed Program
D000003,STU00002,P008,2025SU,2025SU,Final Program
D000004,STU00003,P004,2022FA,2023FA,Final Program
D000005,STU00004,P006,2022FA,2024SP,Final Program
D000006,STU00005,P008,2025FA,2026SP,Final Program
D000007,STU00006,P008,2024FA,2025FA,Final Program
D000008,STU00007,P006,2023FA,2026SP,Final Program
D000009,STU00008,P006,2024FA,2025SP,Final Program
D000010,STU00009,P003,2025FA,2026SP,Final Program
D000011,STU00010,P003,2023FA,2024SU,Final Program
D000012,STU00011,P001,2022FA,2023FA,Final Program
D000013,STU00012,P007,2024SP,2024SP,Final Program
D000014,STU00013,P003,2025FA,2026SP,Final Program
D000015,STU00014,P006,2025SP,2026SP,Final Program
D000016,STU00015,P004,2024FA,2026SP,Changed Program
D000017,STU00015,P001,2026SP,2026SP,Final Program
D000018,STU00016,P007,2023FA,2023FA,Final Program
D000019,STU00017,P004,2024FA,2025SP,Final Program
D000020,STU00018,P001,2023FA,2025SP,Final Program
D000021,STU00019,P005,2025FA,2025FA,Final Program
D000022,STU00020,P001,2023FA,2024SU,Final Program
D000023,STU00021,P003,2023FA,2024FA,Final Program
D000024,STU00022,P004,2025FA,2026SP,Final Program
D000025,STU00023,P001,2025FA,2026SP,Final Program
D000026,STU00024,P001,2025FA,2026SP,Final Program
D000027,STU00025,P003,2022FA,2024SP,Final Program
D000028,STU00026,P002,2024FA,2026SP,Final Program
D000029,STU00027,P005,2024FA,2026SP,Final Program
D000030,STU00028,P001,2023FA,2024SP,Final Program
D000031,STU00029,P007,2023SP,2024FA,Final Program
D000032,STU00030,P005,2025FA,2026SP,Final Program
D000033,STU00031,P003,2024FA,2025SU,Changed Program
D000034,STU00031,P004,2025SU,2026SP,Final Program
D000035,STU00032,P002,2025FA,2026SP,Final Program
D000036,STU00033,P006,2024FA,2026SP,Final Program
D000037,STU00034,P004,2024FA,2026SP,Final Program
D000038,STU00035,P003,2024FA,2025FA,Final Program
D000039,STU00036,P002,2025SP,2025FA,Final Program
D000040,STU00037,P008,2022FA,2024FA,Final Program
D000041,STU00038,P004,2024FA,2025SU,Final Program
D000042,STU00039,P004,2023SP,2024FA,Final Program
D000043,STU00040,P003,2025SP,2026SP,Final Program
D000044,STU00041,P001,2023FA,2023FA,Final Program
D000045,STU00042,P007,2023SP,2025SP,Final Program
D000046,STU00043,P002,2022FA,2023FA,Final Program
D000047,STU00044,P004,2023FA,2025SP,Final Program
D000048,STU00045,P007,2025SP,2026SP,Final Program
D000049,STU00046,P004,2024SP,2025SP,Final Program
D000050,STU00047,P001,2022FA,2023SU,Changed Program
D000051,STU00047,P004,2023SU,2024SU,Final Program
D000052,STU00048,P002,2023FA,2024FA,Final Program
D000053,STU00049,P006,2024FA,2025SP,Final Program
D000054,STU00050,P003,2024SP,2025SU,Changed Program
D000055,STU00050,P008,2025SU,2025FA,Final Program
D000056,STU00051,P005,2024FA,2025SU,Final Program
D000057,STU00052,P002,2023SP,2024FA,Final Program
D000058,STU00053,P006,2023FA,2026SP,Final Program
D000059,STU00054,P002,2024SP,2025SP,Final Program
D000060,STU00055,P006,2024FA,2026SP,Final Program
D000061,STU00056,P008,2024FA,2025SP,Final Program
D000062,STU00057,P007,2025FA,2026SP,Final Program
D000063,STU00058,P003,2024FA,2026SP,Final Program
D000064,STU00059,P001,2024SP,2025SP,Final Program
D000065,STU00060,P005,2025FA,2026SP,Final Program
D000066,STU00061,P003,2025FA,2025FA,Final Program
D000067,STU00062,P007,2024SP,2026SP,Final Program
D000068,STU00063,P004,2024FA,2025SP,Final Program
D000069,STU00064,P007,2024FA,2024FA,Final Program
D000070,STU00065,P002,2022FA,2023FA,Final Program
D000071,STU00066,P008,2023FA,2025SP,Final Program
D000072,STU00067,P006,2022FA,2024SP,Final Program
D000073,STU00068,P007,2025FA,2026SP,Final Program
D000074,STU00069,P006,2022FA,2023SU,Final Program
D000075,STU00070,P008,2022FA,2024FA,Final Program
D000076,STU00071,P005,2023SP,2023SP,Final Program
D000077,STU00072,P007,2025FA,2026SP,Final Program
D000078,STU00073,P005,2022FA,2025FA,Final Program
D000079,STU00074,P002,2022FA,2022FA,Final Program
D000080,STU00075,P008,2024SP,2024SU,Final Program
D000081,STU00076,P005,2022FA,2024SP,Final Program
D000082,STU00077,P008,2022FA,2023SP,Final Program
D000083,STU00078,P006,2022FA,2023SP,Final Program
D000084,STU00079,P002,2025FA,2026SP,Final Program
D000085,STU00080,P005,2024FA,2025SP,Final Program
D000086,STU00081,P003,2025FA,2026SP,Final Program
D000087,STU00082,P001,2023FA,2025FA,Final Program
D000088,STU00083,P001,2024FA,2025FA,Final Program
D000089,STU00084,P006,2022FA,2024SP,Final Program
D000090,STU00085,P006,2023SP,2024SP,Final Program
D000091,STU00086,P005,2023SP,2024SP,Final Program
D000092,STU00087,P006,2024FA,2026SP,Final Program
D000093,STU00088,P006,2024FA,2025SU,Changed Program
D000094,STU00088,P001,2025SU,2025FA,Final Program
D000095,STU00089,P004,2023FA,2025FA,Final Program
D000096,STU00090,P008,2025FA,2026SP,Final Program
D000097,STU00091,P008,2024FA,2025SP,Final Program
D000098,STU00092,P002,2024FA,2026SP,Final Program
D000099,STU00093,P001,2023SP,2023SP,Final Program
D000100,STU00094,P005,2022FA,2023SU,Final Program
D000101,STU00095,P005,2024FA,2026SP,Final Program
D000102,STU00096,P006,2025SP,2026SP,Final Program
D000103,STU00097,P007,2022FA,2022FA,Final Program
D000104,STU00098,P008,2024FA,2024FA,Final Program
D000105,STU00099,P002,2025FA,2026SP,Final Program
D000106,STU00100,P008,2024FA,2025SP,Final Program
D000107,STU00101,P006,2024FA,2026SP,Final Program
D000108,STU00102,P004,2025FA,2026SP,Final Program
D000109,STU00103,P006,2023SP,2024FA,Final Program
D000110,STU00104,P003,2024FA,2025SP,Final Program
D000111,STU00105,P004,2023FA,2025SP,Final Program
D000112,STU00106,P002,2024SP,2026SP,Final Program
D000113,STU00107,P003,2025FA,2026SP,Final Program
D000114,STU00108,P007,2025FA,2026SP,Final Program
D000115,STU00109,P002,2022FA,2022FA,Final Program
D000116,STU00110,P003,2022FA,2024SP,Final Program
D000117,STU00111,P003,2024FA,2024FA,Final Program
D000118,STU00112,P001,2023SP,2023FA,Final Program
D000119,STU00113,P005,2025FA,2026SP,Final Program
D000120,STU00114,P002,2022FA,2024SP,Final Program
D000121,STU00115,P008,2025FA,2026SP,Final Program
D000122,STU00116,P001,2023FA,2024FA,Changed Program
D000123,STU00116,P006,2024FA,2025SP,Final Program
D000124,STU00117,P003,2023FA,2025FA,Final Program
D000125,STU00118,P003,2025SP,2026SP,Final Program
D000126,STU00119,P001,2022FA,2025SP,Final Program
D000127,STU00120,P002,2023FA,2024SP,Final Program
D000128,STU00121,P002,2024SP,2025SP,Changed Program
D000129,STU00121,P003,2025SP,2025FA,Final Program
D000130,STU00122,P001,2022FA,2023FA,Final Program
D000131,STU00123,P008,2023SP,2023SP,Final Program
D000132,STU00124,P006,2024FA,2026SP,Final Program
D000133,STU00125,P008,2025FA,2025FA,Final Program
D000134,STU00126,P001,2024FA,2025SP,Final Program
D000135,STU00127,P006,2022FA,2024SU,Final Program
D000136,STU00128,P001,2025FA,2026SP,Final Program
D000137,STU00129,P005,2025SP,2025FA,Changed Program
D000138,STU00129,P007,2025FA,2026SP,Final Program
D000139,STU00130,P003,2023FA,2024FA,Final Program
D000140,STU00131,P002,2023FA,2024SP,Final Program
D000141,STU00132,P005,2024FA,2026SP,Final Program
D000142,STU00133,P002,2023FA,2024SP,Final Program
D000143,STU00134,P002,2023FA,2025SP,Final Program
D000144,STU00135,P003,2025SP,2026SP,Final Program
D000145,STU00136,P007,2022FA,2022FA,Final Program
D000146,STU00137,P006,2022FA,2024SP,Changed Program
D000147,STU00137,P008,2024SP,2024SP,Final Program
D000148,STU00138,P002,2024SP,2025SP,Final Program
D000149,STU00139,P004,2024FA,2026SP,Final Program
D000150,STU00140,P003,2023SP,2024SU,Final Program
D000151,STU00141,P005,2024SP,2025FA,Final Program
D000152,STU00142,P006,2024FA,2024FA,Final Program
D000153,STU00143,P004,2024SP,2025SP,Final Program
D000154,STU00144,P001,2024SP,2024FA,Final Program
D000155,STU00145,P007,2023FA,2025SP,Final Program
D000156,STU00146,P008,2024FA,2026SP,Final Program
D000157,STU00147,P005,2022FA,2024SP,Final Program
D000158,STU00148,P007,2023FA,2024FA,Final Program
D000159,STU00149,P005,2023FA,2025SP,Final Program
D000160,STU00150,P001,2024FA,2026SP,Final Program
D000161,STU00151,P002,2024FA,2024FA,Final Program
D000162,STU00152,P008,2024FA,2025SP,Final Program
D000163,STU00153,P003,2024FA,2026SP,Final Program
D000164,STU00154,P004,2025SP,2025FA,Final Program
D000165,STU00155,P008,2025SP,2026SP,Final Program
D000166,STU00156,P006,2025FA,2026SP,Final Program
D000167,STU00157,P007,2024SP,2024SP,Final Program
D000168,STU00158,P002,2024FA,2025FA,Final Program
D000169,STU00159,P006,2023FA,2025FA,Final Program
D000170,STU00160,P005,2022FA,2023SU,Final Program
D000171,STU00161,P008,2023FA,2024SP,Final Program
D000172,STU00162,P005,2022FA,2023SP,Final Program
D000173,STU00163,P004,2022FA,2024SP,Changed Program
D000174,STU00163,P005,2024SP,2026SP,Final Program
D000175,STU00164,P004,2025FA,2026SP,Final Program
D000176,STU00165,P004,2025FA,2026SP,Final Program
D000177,STU00166,P002,2025SP,2025SP,Final Program
D000178,STU00167,P008,2024FA,2026SP,Changed Program
D000179,STU00167,P007,2026SP,2026SP,Final Program
D000180,STU00168,P003,2024SP,2025SP,Final Program
D000181,STU00169,P004,2024SP,2025FA,Final Program
D000182,STU00170,P003,2025FA,2026SP,Final Program
D000183,STU00171,P001,2023FA,2023FA,Final Program
D000184,STU00172,P007,2023FA,2025SP,Final Program
D000185,STU00173,P003,2024SP,2026SP,Final Program
D000186,STU00174,P008,2025FA,2026SP,Final Program
D000187,STU00175,P001,2022FA,2024FA,Final Program
D000188,STU00176,P004,2025FA,2026SP,Final Program
D000189,STU00177,P004,2024FA,2026SP,Final Program
D000190,STU00178,P007,2022FA,2024SP,Final Program
D000191,STU00179,P002,2023FA,2024SP,Final Program
D000192,STU00180,P004,2023FA,2024SP,Final Program
D000193,STU00181,P004,2025SP,2026SP,Final Program
D000194,STU00182,P001,2025FA,2026SP,Final Program
D000195,STU00183,P004,2024FA,2024FA,Final Program
D000196,STU00184,P006,2025FA,2026SP,Final Program
D000197,STU00185,P005,2025FA,2026SP,Final Program
D000198,STU00186,P004,2023FA,2025SU,Final Program
D000199,STU00187,P004,2024FA,2026SP,Final Program
D000200,STU00188,P001,2024SP,2025SP,Final Program
D000201,STU00189,P001,2025SP,2026SP,Final Program
D000202,STU00190,P004,2025FA,2026SP,Final Program
D000203,STU00191,P004,2023SP,2025SP,Final Program
D000204,STU00192,P007,2023FA,2026SP,Final Program
D000205,STU00193,P008,2024FA,2026SP,Final Program
D000206,STU00194,P006,2024FA,2025SP,Final Program
D000207,STU00195,P003,2023FA,2025FA,Final Program
D000208,STU00196,P002,2022FA,2024SU,Final Program
D000209,STU00197,P004,2022FA,2023SP,Final Program
D000210,STU00198,P001,2025SP,2026SP,Final Program
D000211,STU00199,P006,2024SP,2026SP,Final Program
D000212,STU00200,P001,2025FA,2026SP,Final Program
D000213,STU00201,P006,2023SP,2025FA,Final Program
D000214,STU00202,P001,2024FA,2026SP,Final Program
D000215,STU00203,P002,2024FA,2026SP,Final Program
D000216,STU00204,P003,2024SP,2025SP,Final Program
D000217,STU00205,P002,2023SP,2023FA,Final Program
D000218,STU00206,P006,2024SP,2026SP,Final Program
D000219,STU00207,P001,2023FA,2025FA,Final Program
D000220,STU00208,P002,2023SP,2025SP,Final Program
D000221,STU00209,P003,2024SP,2025SP,Changed Program
D000222,STU00209,P006,2025SP,2025SP,Final Program
D000223,STU00210,P002,2024FA,2025SU,Final Program
D000224,STU00211,P006,2025FA,2026SP,Final Program
D000225,STU00212,P001,2025SP,2026SP,Final Program
D000226,STU00213,P008,2024FA,2026SP,Final Program
D000227,STU00214,P001,2023SP,2024FA,Final Program
D000228,STU00215,P005,2022FA,2024FA,Final Program
D000229,STU00216,P004,2024FA,2026SP,Final Program
D000230,STU00217,P004,2023FA,2025SP,Final Program
D000231,STU00218,P003,2025FA,2025FA,Final Program
D000232,STU00219,P005,2023FA,2026SP,Final Program
D000233,STU00220,P002,2025SP,2025FA,Changed Program
D000234,STU00220,P003,2025FA,2026SP,Final Program
D000235,STU00221,P001,2025FA,2026SP,Final Program
D000236,STU00222,P004,2023FA,2025SP,Final Program
D000237,STU00223,P007,2024SP,2026SP,Final Program
D000238,STU00224,P001,2025FA,2025FA,Final Program
D000239,STU00225,P006,2024FA,2025FA,Final Program
D000240,STU00226,P006,2022FA,2024SP,Final Program
D000241,STU00227,P008,2025FA,2026SP,Final Program
D000242,STU00228,P008,2022FA,2024FA,Final Program
D000243,STU00229,P006,2024FA,2026SP,Final Program
D000244,STU00230,P001,2024FA,2025FA,Final Program
D000245,STU00231,P008,2023FA,2026SP,Final Program
D000246,STU00232,P002,2025SP,2026SP,Final Program
D000247,STU00233,P001,2022FA,2024SP,Final Program
D000248,STU00234,P004,2025FA,2026SP,Final Program
D000249,STU00235,P004,2023SP,2024SP,Changed Program
D000250,STU00235,P002,2024SP,2024FA,Final Program
D000251,STU00236,P002,2023FA,2025SP,Final Program
D000252,STU00237,P003,2022FA,2024SP,Final Program
D000253,STU00238,P008,2023SP,2024FA,Final Program
D000254,STU00239,P007,2022FA,2024SP,Final Program
D000255,STU00240,P003,2025FA,2026SP,Final Program
D000256,STU00241,P007,2023FA,2025SP,Final Program
D000257,STU00242,P003,2023SP,2023FA,Final Program
D000258,STU00243,P002,2023FA,2023FA,Final Program
D000259,STU00244,P008,2022FA,2023SP,Final Program
D000260,STU00245,P007,2023FA,2024SU,Changed Program
D000261,STU00245,P008,2024SU,2024FA,Final Program
D000262,STU00246,P004,2025FA,2026SP,Final Program
D000263,STU00247,P004,2022FA,2024FA,Final Program
D000264,STU00248,P008,2023FA,2025FA,Final Program
D000265,STU00249,P008,2024FA,2025FA,Final Program
D000266,STU00250,P008,2023FA,2023FA,Final Program
D000267,STU00251,P005,2022FA,2025SP,Final Program
D000268,STU00252,P005,2025FA,2026SP,Final Program
D000269,STU00253,P002,2025FA,2026SP,Final Program
D000270,STU00254,P006,2024FA,2026SP,Final Program
D000271,STU00255,P008,2025FA,2026SP,Final Program
D000272,STU00256,P005,2024FA,2026SP,Final Program
D000273,STU00257,P005,2023FA,2025SP,Final Program
D000274,STU00258,P003,2023FA,2025FA,Final Program
D000275,STU00259,P002,2022FA,2024FA,Final Program
D000276,STU00260,P005,2025SP,2025FA,Final Program
D000277,STU00261,P008,2024FA,2025SU,Changed Program
D000278,STU00261,P007,2025SU,2025SU,Final Program
D000279,STU00262,P005,2024SP,2025SU,Final Program
D000280,STU00263,P002,2023SP,2025SP,Final Program
D000281,STU00264,P003,2024SP,2024FA,Changed Program
D000282,STU00264,P006,2024FA,2024FA,Final Program
D000283,STU00265,P002,2024SP,2026SP,Final Program
D000284,STU00266,P001,2024SP,2026SP,Final Program
D000285,STU00267,P001,2022FA,2024SP,Final Program
D000286,STU00268,P004,2023FA,2024FA,Final Program
D000287,STU00269,P008,2025SP,2026SP,Final Program
D000288,STU00270,P002,2022FA,2023FA,Final Program
D000289,STU00271,P006,2025SP,2026SP,Final Program
D000290,STU00272,P001,2024SP,2026SP,Final Program
D000291,STU00273,P002,2024SP,2025FA,Final Program
D000292,STU00274,P007,2023FA,2025SP,Final Program
D000293,STU00275,P003,2025FA,2026SP,Final Program
D000294,STU00276,P007,2025FA,2025FA,Final Program
D000295,STU00277,P004,2022FA,2024FA,Final Program
D000296,STU00278,P005,2023FA,2024SP,Final Program
D000297,STU00279,P006,2023SP,2025FA,Final Program
D000298,STU00280,P006,2024FA,2026SP,Final Program
D000299,STU00281,P006,2024SP,2025SU,Final Program
D000300,STU00282,P008,2024FA,2024FA,Final Program
D000301,STU00283,P008,2024FA,2026SP,Final Program
D000302,STU00284,P001,2025SP,2025FA,Changed Program
D000303,STU00284,P008,2025FA,2026SP,Final Program
D000304,STU00285,P007,2025SP,2026SP,Final Program
D000305,STU00286,P001,2025FA,2026SP,Final Program
D000306,STU00287,P006,2025FA,2026SP,Final Program
D000307,STU00288,P008,2023SP,2024SP,Final Program
D000308,STU00289,P002,2024SP,2025SU,Changed Program
D000309,STU00289,P007,2025SU,2025SU,Final Program
D000310,STU00290,P002,2022FA,2023FA,Final Program
D000311,STU00291,P001,2022FA,2024FA,Final Program
D000312,STU00292,P001,2024FA,2026SP,Final Program
D000313,STU00293,P003,2023FA,2024SP,Final Program
D000314,STU00294,P001,2024SP,2024FA,Final Program
D000315,STU00295,P004,2023FA,2025SP,Final Program
D000316,STU00296,P006,2025FA,2026SP,Final Program
D000317,STU00297,P002,2024FA,2026SP,Final Program
D000318,STU00298,P004,2024SP,2025FA,Final Program
D000319,STU00299,P001,2022FA,2023SP,Final Program
D000320,STU00300,P008,2023FA,2025FA,Final Program
D000321,STU00301,P001,2025FA,2026SP,Final Program
D000322,STU00302,P002,2024FA,2026SP,Final Program
D000323,STU00303,P004,2025FA,2026SP,Final Program
D000324,STU00304,P008,2022FA,2023FA,Changed Program
D000325,STU00304,P004,2023FA,2025SU,Final Program
D000326,STU00305,P004,2023FA,2024SU,Final Program
D000327,STU00306,P003,2025FA,2026SP,Final Program
D000328,STU00307,P008,2022FA,2024SP,Final Program
D000329,STU00308,P001,2025FA,2026SP,Final Program
D000330,STU00309,P001,2024FA,2024FA,Final Program
D000331,STU00310,P001,2022FA,2023SP,Final Program
D000332,STU00311,P007,2024SP,2025SP,Changed Program
D000333,STU00311,P003,2025SP,2026SP,Final Program
D000334,STU00312,P006,2025FA,2026SP,Final Program
D000335,STU00313,P006,2024FA,2025SU,Final Program
D000336,STU00314,P008,2022FA,2023FA,Final Program
D000337,STU00315,P007,2024SP,2025SP,Final Program
D000338,STU00316,P008,2025FA,2026SP,Final Program
D000339,STU00317,P005,2025FA,2026SP,Final Program
D000340,STU00318,P008,2024FA,2025SP,Final Program
D000341,STU00319,P008,2023FA,2026SP,Final Program
D000342,STU00320,P001,2025SP,2025FA,Changed Program
D000343,STU00320,P002,2025FA,2026SP,Final Program
D000344,STU00321,P003,2025FA,2026SP,Final Program
D000345,STU00322,P001,2025SP,2025FA,Final Program
D000346,STU00323,P006,2024FA,2026SP,Final Program
D000347,STU00324,P006,2024FA,2026SP,Final Program
D000348,STU00325,P007,2023FA,2025SU,Final Program
D000349,STU00326,P008,2022FA,2023FA,Final Program
D000350,STU00327,P007,2023SP,2025SP,Final Program
D000351,STU00328,P008,2025SP,2026SP,Final Program
D000352,STU00329,P007,2025FA,2026SP,Final Program
D000353,STU00330,P001,2024SP,2024FA,Final Program
D000354,STU00331,P005,2023SP,2025FA,Final Program
D000355,STU00332,P003,2025FA,2026SP,Final Program
D000356,STU00333,P003,2024FA,2024FA,Final Program
D000357,STU00334,P007,2023FA,2023FA,Final Program
D000358,STU00335,P001,2023FA,2024SP,Final Program
D000359,STU00336,P003,2023SP,2024FA,Final Program
D000360,STU00337,P001,2024SP,2026SP,Final Program
D000361,STU00338,P002,2023SP,2023SP,Final Program
D000362,STU00339,P006,2022FA,2022FA,Final Program
D000363,STU00340,P008,2025FA,2026SP,Final Program
D000364,STU00341,P001,2023FA,2023FA,Final Program
D000365,STU00342,P001,2023SP,2025SP,Final Program
D000366,STU00343,P008,2025SP,2026SP,Final Program
D000367,STU00344,P001,2023FA,2024SP,Final Program
D000368,STU00345,P005,2023FA,2025SP,Final Program
D000369,STU00346,P001,2023FA,2025SP,Final Program
D000370,STU00347,P008,2025FA,2026SP,Final Program
D000371,STU00348,P005,2025FA,2026SP,Final Program
D000372,STU00349,P002,2025FA,2026SP,Final Program
D000373,STU00350,P002,2024FA,2026SP,Final Program
D000374,STU00351,P006,2024FA,2026SP,Final Program
D000375,STU00352,P002,2023SP,2025SP,Final Program
D000376,STU00353,P001,2024FA,2026SP,Final Program
D000377,STU00354,P002,2023FA,2024FA,Final Program
D000378,STU00355,P005,2023SP,2023FA,Final Program
D000379,STU00356,P004,2023FA,2024FA,Final Program
D000380,STU00357,P007,2023FA,2023FA,Final Program
D000381,STU00358,P005,2025FA,2026SP,Final Program
D000382,STU00359,P007,2023SP,2023FA,Final Program
D000383,STU00360,P001,2023FA,2026SP,Final Program
D000384,STU00361,P007,2025SP,2026SP,Final Program
D000385,STU00362,P006,2025FA,2026SP,Final Program
D000386,STU00363,P005,2024FA,2025FA,Final Program
D000387,STU00364,P005,2022FA,2024SP,Final Program
D000388,STU00365,P005,2022FA,2023SP,Final Program
D000389,STU00366,P007,2022FA,2024SP,Final Program
D000390,STU00367,P003,2023SP,2024SP,Final Program
D000391,STU00368,P001,2024SP,2024FA,Final Program
D000392,STU00369,P008,2023FA,2024FA,Final Program
D000393,STU00370,P004,2025SP,2025SP,Final Program
D000394,STU00371,P005,2025FA,2026SP,Final Program
D000395,STU00372,P002,2024SP,2025FA,Final Program
D000396,STU00373,P004,2022FA,2023SU,Final Program
D000397,STU00374,P008,2022FA,2024SP,Final Program
D000398,STU00375,P001,2025SP,2026SP,Final Program
D000399,STU00376,P005,2024FA,2026SP,Final Program
D000400,STU00377,P004,2024SP,2025SP,Changed Program
D000401,STU00377,P001,2025SP,2026SP,Final Program
D000402,STU00378,P007,2023SP,2024SP,Final Program
D000403,STU00379,P005,2024FA,2024FA,Final Program
D000404,STU00380,P002,2024FA,2026SP,Final Program
D000405,STU00381,P008,2024FA,2026SP,Final Program
D000406,STU00382,P005,2023SP,2023SP,Final Program
D000407,STU00383,P004,2022FA,2023SP,Final Program
D000408,STU00384,P005,2024SP,2025SP,Final Program
D000409,STU00385,P005,2022FA,2023FA,Final Program
D000410,STU00386,P006,2024SP,2024SP,Final Program
D000411,STU00387,P001,2024FA,2026SP,Final Program
D000412,STU00388,P006,2022FA,2024SP,Final Program
D000413,STU00389,P007,2025FA,2026SP,Final Program
D000414,STU00390,P003,2025FA,2026SP,Final Program
D000415,STU00391,P002,2023SP,2025SP,Final Program
D000416,STU00392,P004,2024SP,2026SP,Final Program
D000417,STU00393,P001,2023SP,2024FA,Final Program
D000418,STU00394,P003,2025FA,2026SP,Final Program
D000419,STU00395,P003,2025FA,2026SP,Final Program
D000420,STU00396,P008,2024SP,2024SU,Final Program
D000421,STU00397,P002,2023FA,2025SP,Final Program
D000422,STU00398,P006,2025FA,2025FA,Final Program
D000423,STU00399,P006,2025FA,2025FA,Final Program
D000424,STU00400,P003,2025SP,2026SP,Final Program
D000425,STU00401,P003,2023FA,2024FA,Final Program
D000426,STU00402,P006,2022FA,2023SP,Final Program
D000427,STU00403,P003,2025FA,2026SP,Final Program
D000428,STU00404,P004,2024FA,2024FA,Final Program
D000429,STU00405,P001,2024FA,2026SP,Final Program
D000430,STU00406,P006,2025SP,2026SP,Final Program
D000431,STU00407,P004,2025FA,2026SP,Final Program
D000432,STU00408,P007,2023FA,2024SU,Final Program
D000433,STU00409,P008,2023FA,2025FA,Final Program
D000434,STU00410,P007,2023FA,2024FA,Final Program
D000435,STU00411,P006,2024FA,2026SP,Final Program
D000436,STU00412,P001,2024SP,2026SP,Final Program
D000437,STU00413,P008,2023FA,2024SU,Final Program
D000438,STU00414,P006,2023FA,2024FA,Changed Program
D000439,STU00414,P001,2024FA,2025FA,Final Program
D000440,STU00415,P003,2025FA,2026SP,Final Program
D000441,STU00416,P008,2024FA,2024FA,Final Program
D000442,STU00417,P006,2025SP,2026SP,Final Program
D000443,STU00418,P002,2023FA,2024SP,Final Program
D000444,STU00419,P003,2022FA,2024SP,Final Program
D000445,STU00420,P002,2025SP,2026SP,Final Program
D000446,STU00421,P006,2024SP,2024FA,Final Program
D000447,STU00422,P008,2022FA,2023FA,Final Program
D000448,STU00423,P008,2022FA,2024FA,Final Program
D000449,STU00424,P005,2022FA,2024SP,Final Program
D000450,STU00425,P001,2025SP,2026SP,Final Program
D000451,STU00426,P008,2022FA,2023SP,Final Program
D000452,STU00427,P001,2024FA,2026SP,Final Program
D000453,STU00428,P008,2022FA,2024SP,Final Program
D000454,STU00429,P001,2025FA,2026SP,Final Program
D000455,STU00430,P001,2023SP,2023SU,Final Program
D000456,STU00431,P006,2023SP,2024SP,Final Program
D000457,STU00432,P002,2024SP,2025SP,Changed Program
D000458,STU00432,P005,2025SP,2025FA,Final Program
D000459,STU00433,P003,2024FA,2026SP,Final Program
D000460,STU00434,P007,2025FA,2026SP,Final Program
D000461,STU00435,P006,2023FA,2024FA,Changed Program
D000462,STU00435,P004,2024FA,2025FA,Final Program
D000463,STU00436,P004,2023SP,2023SP,Final Program
D000464,STU00437,P005,2025FA,2026SP,Final Program
D000465,STU00438,P005,2025FA,2026SP,Final Program
D000466,STU00439,P005,2023SP,2024SP,Final Program
D000467,STU00440,P006,2023FA,2025SP,Final Program
D000468,STU00441,P003,2024FA,2024FA,Final Program
D000469,STU00442,P006,2023FA,2023FA,Final Program
D000470,STU00443,P003,2023FA,2024FA,Final Program
D000471,STU00444,P004,2025FA,2026SP,Final Program
D000472,STU00445,P002,2025FA,2026SP,Final Program
D000473,STU00446,P001,2023FA,2025FA,Final Program
D000474,STU00447,P001,2022FA,2023FA,Final Program
D000475,STU00448,P006,2023SP,2024SP,Final Program
D000476,STU00449,P004,2022FA,2023SU,Final Program
D000477,STU00450,P007,2025FA,2025FA,Final Program
D000478,STU00451,P008,2022FA,2023SP,Final Program
D000479,STU00452,P007,2023FA,2024SU,Final Program
D000480,STU00453,P002,2023SP,2024SP,Final Program
D000481,STU00454,P006,2024FA,2025SU,Final Program
D000482,STU00455,P008,2022FA,2025SP,Final Program
D000483,STU00456,P001,2024FA,2026SP,Final Program
D000484,STU00457,P005,2023FA,2025FA,Final Program
D000485,STU00458,P006,2023FA,2025SU,Final Program
D000486,STU00459,P004,2022FA,2023SP,Final Program
D000487,STU00460,P004,2024SP,2026SP,Final Program
D000488,STU00461,P005,2024FA,2026SP,Final Program
D000489,STU00462,P001,2024FA,2024FA,Final Program
D000490,STU00463,P008,2023FA,2025FA,Final Program
D000491,STU00464,P006,2023FA,2025SP,Changed Program
D000492,STU00464,P008,2025SP,2026SP,Final Program
D000493,STU00465,P001,2025FA,2026SP,Final Program
D000494,STU00466,P004,2025FA,2026SP,Final Program
D000495,STU00467,P007,2025FA,2026SP,Final Program
D000496,STU00468,P002,2024FA,2026SP,Final Program
D000497,STU00469,P007,2024FA,2026SP,Final Program
D000498,STU00470,P005,2024SP,2026SP,Final Program
D000499,STU00471,P001,2023FA,2025SP,Final Program
D000500,STU00472,P003,2024SP,2024SP,Final Program
D000501,STU00473,P001,2024FA,2026SP,Final Program
D000502,STU00474,P001,2022FA,2023SU,Final Program
D000503,STU00475,P003,2024FA,2026SP,Final Program
D000504,STU00476,P001,2024FA,2026SP,Final Program
D000505,STU00477,P008,2022FA,2022FA,Final Program
D000506,STU00478,P007,2023FA,2026SP,Final Program
D000507,STU00479,P005,2025FA,2026SP,Final Program
D000508,STU00480,P006,2025SP,2026SP,Final Program
D000509,STU00481,P002,2025SP,2025SP,Final Program
D000510,STU00482,P003,2022FA,2025FA,Final Program
D000511,STU00483,P005,2024SP,2025FA,Final Program
D000512,STU00484,P003,2023FA,2026SP,Final Program
D000513,STU00485,P005,2022FA,2024FA,Final Program
D000514,STU00486,P003,2023FA,2025SP,Final Program
D000515,STU00487,P002,2024FA,2026SP,Final Program
D000516,STU00488,P006,2025FA,2025FA,Final Program
D000517,STU00489,P002,2024SP,2026SP,Final Program
D000518,STU00490,P007,2023FA,2024SP,Final Program
D000519,STU00491,P008,2024SP,2025SP,Final Program
D000520,STU00492,P002,2025SP,2025SP,Final Program
D000521,STU00493,P004,2025FA,2026SP,Final Program
D000522,STU00494,P008,2023FA,2025SP,Final Program
D000523,STU00495,P007,2023SP,2025SP,Final Program
D000524,STU00496,P005,2024SP,2025FA,Final Program
D000525,STU00497,P003,2024FA,2026SP,Final Program
D000526,STU00498,P007,2024FA,2024FA,Final Program
D000527,STU00499,P008,2024FA,2025SU,Final Program
D000528,STU00500,P008,2023FA,2024SU,Final Program
D000529,STU00501,P001,2025SP,2026SP,Final Program
D000530,STU00502,P003,2022FA,2024FA,Final Program
D000531,STU00503,P002,2022FA,2025SP,Final Program
D000532,STU00504,P006,2024FA,2025FA,Changed Program
D000533,STU00504,P003,2025FA,2025FA,Final Program
D000534,STU00505,P003,2024FA,2026SP,Final Program
D000535,STU00506,P006,2024FA,2025FA,Final Program
D000536,STU00507,P001,2024FA,2026SP,Final Program
D000537,STU00508,P001,2024SP,2025FA,Final Program
D000538,STU00509,P003,2022FA,2023SP,Final Program
D000539,STU00510,P007,2025FA,2026SP,Final Program
D000540,STU00511,P003,2024SP,2024FA,Changed Program
D000541,STU00511,P006,2024FA,2024FA,Final Program
D000542,STU00512,P003,2022FA,2022FA,Final Program
D000543,STU00513,P001,2023SP,2025SP,Final Program
D000544,STU00514,P001,2022FA,2023SP,Final Program
D000545,STU00515,P004,2024FA,2026SP,Final Program
D000546,STU00516,P004,2024FA,2026SP,Final Program
D000547,STU00517,P005,2025FA,2026SP,Final Program
D000548,STU00518,P004,2022FA,2024SU,Final Program
D000549,STU00519,P008,2024FA,2025SP,Final Program
D000550,STU00520,P006,2025SP,2026SP,Final Program
D000551,STU00521,P005,2022FA,2023FA,Final Program
D000552,STU00522,P001,2024FA,2025FA,Changed Program
D000553,STU00522,P006,2025FA,2025FA,Final Program
D000554,STU00523,P005,2023FA,2025FA,Final Program
D000555,STU00524,P001,2025SP,2025FA,Final Program
D000556,STU00525,P003,2024SP,2025SP,Final Program
D000557,STU00526,P002,2025SP,2025SP,Final Program
D000558,STU00527,P008,2022FA,2022FA,Final Program
D000559,STU00528,P008,2024SP,2025FA,Final Program
D000560,STU00529,P004,2024FA,2026SP,Final Program
D000561,STU00530,P007,2022FA,2024SU,Final Program
D000562,STU00531,P003,2023FA,2025SP,Final Program
D000563,STU00532,P007,2023FA,2024SU,Final Program
D000564,STU00533,P006,2024SP,2024SP,Final Program
D000565,STU00534,P008,2023FA,2024FA,Final Program
D000566,STU00535,P003,2022FA,2023FA,Final Program
D000567,STU00536,P006,2023FA,2026SP,Final Program
D000568,STU00537,P002,2022FA,2025SU,Final Program
D000569,STU00538,P008,2025SP,2026SP,Final Program
D000570,STU00539,P001,2022FA,2024SP,Final Program
D000571,STU00540,P005,2025SP,2026SP,Final Program
D000572,STU00541,P008,2024SP,2025FA,Final Program
D000573,STU00542,P003,2025FA,2026SP,Final Program
D000574,STU00543,P001,2023FA,2024FA,Final Program
D000575,STU00544,P001,2022FA,2024SP,Changed Program
D000576,STU00544,P008,2024SP,2024SP,Final Program
D000577,STU00545,P001,2025SP,2026SP,Final Program
D000578,STU00546,P003,2022FA,2024SP,Changed Program
D000579,STU00546,P006,2024SP,2024FA,Final Program
D000580,STU00547,P001,2025SP,2026SP,Changed Program
D000581,STU00547,P007,2026SP,2026SP,Final Program
D000582,STU00548,P004,2025FA,2026SP,Final Program
D000583,STU00549,P002,2024FA,2026SP,Final Program
D000584,STU00550,P008,2023FA,2024SP,Final Program
D000585,STU00551,P002,2023FA,2024FA,Final Program
D000586,STU00552,P005,2024FA,2025SP,Final Program
D000587,STU00553,P008,2024SP,2025FA,Final Program
D000588,STU00554,P004,2024FA,2026SP,Final Program
D000589,STU00555,P003,2025FA,2025FA,Final Program
D000590,STU00556,P003,2024FA,2026SP,Final Program
D000591,STU00557,P001,2025FA,2026SP,Final Program
D000592,STU00558,P008,2023FA,2025SP,Final Program
D000593,STU00559,P002,2024SP,2025FA,Final Program
D000594,STU00560,P006,2023FA,2024SP,Final Program
D000595,STU00561,P007,2025FA,2026SP,Final Program
D000596,STU00562,P005,2024FA,2025FA,Changed Program
D000597,STU00562,P002,2025FA,2026SP,Final Program
D000598,STU00563,P008,2024FA,2026SP,Final Program
D000599,STU00564,P002,2024FA,2026SP,Final Program
D000600,STU00565,P001,2023FA,2023FA,Final Program
D000601,STU00566,P007,2025FA,2026SP,Final Program
D000602,STU00567,P005,2024SP,2026SP,Final Program
D000603,STU00568,P008,2025FA,2026SP,Final Program
D000604,STU00569,P006,2025SP,2026SP,Changed Program
D000605,STU00569,P005,2026SP,2026SP,Final Program
D000606,STU00570,P001,2024SP,2024FA,Final Program
D000607,STU00571,P005,2023FA,2024FA,Final Program
D000608,STU00572,P002,2025FA,2025FA,Final Program
D000609,STU00573,P006,2023FA,2024FA,Changed Program
D000610,STU00573,P004,2024FA,2025SP,Final Program
D000611,STU00574,P008,2025SP,2026SP,Final Program
D000612,STU00575,P004,2025SP,2026SP,Final Program
D000613,STU00576,P007,2025FA,2026SP,Final Program
D000614,STU00577,P008,2025SP,2025FA,Final Program
D000615,STU00578,P005,2025FA,2026SP,Final Program
D000616,STU00579,P001,2023SP,2023FA,Final Program
D000617,STU00580,P004,2023SP,2023SP,Final Program
D000618,STU00581,P007,2024FA,2026SP,Final Program
D000619,STU00582,P003,2025FA,2026SP,Final Program
D000620,STU00583,P008,2024FA,2026SP,Final Program
D000621,STU00584,P006,2025FA,2026SP,Final Program
D000622,STU00585,P005,2023FA,2025FA,Final Program
D000623,STU00586,P007,2023FA,2024SP,Final Program
D000624,STU00587,P007,2022FA,2024SP,Final Program
D000625,STU00588,P002,2024SP,2026SP,Final Program
D000626,STU00589,P003,2022FA,2023SP,Final Program
D000627,STU00590,P007,2024SP,2025FA,Final Program
D000628,STU00591,P001,2024SP,2024SP,Final Program
D000629,STU00592,P007,2024FA,2024FA,Final Program
D000630,STU00593,P001,2023FA,2023FA,Final Program
D000631,STU00594,P006,2025FA,2026SP,Final Program
D000632,STU00595,P001,2023FA,2025FA,Final Program
D000633,STU00596,P005,2023FA,2025FA,Final Program
D000634,STU00597,P004,2024FA,2025FA,Final Program
D000635,STU00598,P006,2023FA,2024SP,Final Program
D000636,STU00599,P004,2023FA,2025SP,Final Program
D000637,STU00600,P002,2022FA,2025SU,Final Program
D000638,STU00601,P003,2023FA,2025FA,Final Program
D000639,STU00602,P002,2023FA,2025SP,Final Program
D000640,STU00603,P003,2022FA,2024FA,Final Program
D000641,STU00604,P002,2024SP,2025SP,Final Program
D000642,STU00605,P003,2024FA,2026SP,Final Program
D000643,STU00606,P001,2023FA,2024SP,Final Program
D000644,STU00607,P002,2022FA,2025FA,Final Program
D000645,STU00608,P006,2023FA,2023FA,Final Program
D000646,STU00609,P001,2023FA,2023FA,Final Program
D000647,STU00610,P003,2022FA,2023FA,Final Program
D000648,STU00611,P006,2024SP,2024FA,Final Program
D000649,STU00612,P004,2022FA,2023FA,Final Program
D000650,STU00613,P006,2024SP,2024FA,Final Program
D000651,STU00614,P004,2022FA,2023SU,Final Program
D000652,STU00615,P006,2025FA,2026SP,Final Program
D000653,STU00616,P006,2025FA,2026SP,Final Program
D000654,STU00617,P002,2025SP,2026SP,Final Program
D000655,STU00618,P002,2023FA,2024SP,Final Program
D000656,STU00619,P001,2025SP,2026SP,Final Program
D000657,STU00620,P005,2024FA,2026SP,Final Program
D000658,STU00621,P002,2023FA,2025SP,Final Program
D000659,STU00622,P008,2022FA,2024SP,Final Program
D000660,STU00623,P004,2023FA,2024SP,Final Program
D000661,STU00624,P001,2023FA,2024FA,Final Program
D000662,STU00625,P002,2024SP,2026SP,Final Program
D000663,STU00626,P002,2023FA,2025SP,Changed Program
D000664,STU00626,P003,2025SP,2025SP,Final Program
D000665,STU00627,P001,2024FA,2025FA,Final Program
D000666,STU00628,P001,2022FA,2024SP,Final Program
D000667,STU00629,P007,2025SP,2025FA,Changed Program
D000668,STU00629,P005,2025FA,2026SP,Final Program
D000669,STU00630,P002,2023SP,2025FA,Final Program
D000670,STU00631,P004,2024FA,2025SP,Final Program
D000671,STU00632,P005,2023FA,2024FA,Final Program
D000672,STU00633,P002,2023FA,2024FA,Final Program
D000673,STU00634,P001,2023FA,2024SP,Final Program
D000674,STU00635,P007,2024FA,2024FA,Final Program
D000675,STU00636,P004,2022FA,2022FA,Final Program
D000676,STU00637,P007,2023FA,2024SP,Final Program
D000677,STU00638,P001,2023SP,2023FA,Final Program
D000678,STU00639,P005,2023FA,2026SP,Final Program
D000679,STU00640,P005,2025SP,2026SP,Final Program
D000680,STU00641,P006,2022FA,2024SP,Final Program
D000681,STU00642,P002,2023SP,2024SP,Changed Program
D000682,STU00642,P003,2024SP,2024FA,Final Program
D000683,STU00643,P002,2023FA,2025SP,Final Program
D000684,STU00644,P007,2024FA,2026SP,Final Program
D000685,STU00645,P004,2025SP,2025FA,Changed Program
D000686,STU00645,P008,2025FA,2026SP,Final Program
D000687,STU00646,P008,2025FA,2026SP,Final Program
D000688,STU00647,P002,2025SP,2025FA,Final Program
D000689,STU00648,P005,2023FA,2024SP,Final Program
D000690,STU00649,P008,2025SP,2026SP,Final Program
D000691,STU00650,P005,2023FA,2025SP,Final Program
D000692,STU00651,P007,2025FA,2026SP,Final Program
D000693,STU00652,P008,2023FA,2024SP,Final Program
D000694,STU00653,P004,2025FA,2026SP,Final Program
D000695,STU00654,P008,2023FA,2025SP,Final Program
D000696,STU00655,P007,2025FA,2026SP,Final Program
D000697,STU00656,P002,2023SP,2024FA,Final Program
D000698,STU00657,P008,2024FA,2025SP,Final Program
D000699,STU00658,P002,2023FA,2026SP,Final Program
D000700,STU00659,P005,2025SP,2026SP,Final Program
D000701,STU00660,P006,2023FA,2025SP,Final Program
D000702,STU00661,P006,2025SP,2025SU,Final Program
D000703,STU00662,P002,2022FA,2023SU,Final Program
D000704,STU00663,P008,2024FA,2026SP,Final Program
D000705,STU00664,P004,2024FA,2026SP,Final Program
D000706,STU00665,P007,2022FA,2024SP,Final Program
D000707,STU00666,P001,2025SP,2025FA,Changed Program
D000708,STU00666,P008,2025FA,2026SP,Final Program
D000709,STU00667,P001,2025FA,2026SP,Final Program
D000710,STU00668,P008,2024SP,2025SP,Final Program
D000711,STU00669,P005,2024FA,2026SP,Changed Program
D000712,STU00669,P008,2026SP,2026SP,Final Program
D000713,STU00670,P003,2025FA,2026SP,Final Program
D000714,STU00671,P001,2025SP,2025FA,Final Program
D000715,STU00672,P007,2022FA,2023SP,Final Program
D000716,STU00673,P006,2023SP,2024SU,Final Program
D000717,STU00674,P008,2022FA,2023FA,Changed Program
D000718,STU00674,P002,2023FA,2025SP,Final Program
D000719,STU00675,P006,2024FA,2025SP,Final Program
D000720,STU00676,P001,2023SP,2024SU,Final Program
D000721,STU00677,P001,2025SP,2026SP,Final Program
D000722,STU00678,P005,2023FA,2026SP,Final Program
D000723,STU00679,P002,2024SP,2026SP,Final Program
D000724,STU00680,P001,2023FA,2025FA,Final Program
D000725,STU00681,P004,2025SP,2026SP,Changed Program
D000726,STU00681,P003,2026SP,2026SP,Final Program
D000727,STU00682,P007,2025FA,2026SP,Final Program
D000728,STU00683,P008,2024SP,2024FA,Changed Program
D000729,STU00683,P007,2024FA,2026SP,Final Program
D000730,STU00684,P005,2024FA,2026SP,Changed Program
D000731,STU00684,P004,2026SP,2026SP,Final Program
D000732,STU00685,P008,2025FA,2026SP,Final Program
D000733,STU00686,P001,2025FA,2026SP,Final Program
D000734,STU00687,P008,2023FA,2025SP,Final Program
D000735,STU00688,P005,2025SP,2025SP,Final Program
D000736,STU00689,P007,2025FA,2025FA,Final Program
D000737,STU00690,P006,2024FA,2025FA,Final Program
D000738,STU00691,P002,2024FA,2026SP,Final Program
D000739,STU00692,P003,2023FA,2024SP,Final Program
D000740,STU00693,P005,2024FA,2025FA,Final Program
D000741,STU00694,P002,2025SP,2025FA,Final Program
D000742,STU00695,P002,2023FA,2024FA,Final Program
D000743,STU00696,P002,2023FA,2024FA,Final Program
D000744,STU00697,P006,2024FA,2025SU,Final Program
D000745,STU00698,P007,2024SP,2025FA,Final Program
D000746,STU00699,P007,2025FA,2026SP,Final Program
D000747,STU00700,P007,2024FA,2025SU,Final Program
D000748,STU00701,P008,2023SP,2023SP,Final Program
D000749,STU00702,P005,2023FA,2024SP,Final Program
D000750,STU00703,P005,2024FA,2024FA,Final Program
D000751,STU00704,P004,2024FA,2026SP,Final Program
D000752,STU00705,P008,2022FA,2025SP,Final Program
D000753,STU00706,P001,2022FA,2024SP,Final Program
D000754,STU00707,P007,2023SP,2023FA,Changed Program
D000755,STU00707,P002,2023FA,2025SU,Final Program
D000756,STU00708,P003,2025FA,2026SP,Final Program
D000757,STU00709,P007,2025SP,2026SP,Final Program
D000758,STU00710,P002,2022FA,2023SU,Final Program
D000759,STU00711,P002,2024FA,2026SP,Final Program
D000760,STU00712,P004,2024FA,2026SP,Final Program
D000761,STU00713,P002,2024SP,2024FA,Final Program
D000762,STU00714,P003,2023SP,2024FA,Final Program
D000763,STU00715,P001,2023FA,2025FA,Final Program
D000764,STU00716,P005,2024FA,2026SP,Final Program
D000765,STU00717,P002,2025FA,2026SP,Final Program
D000766,STU00718,P007,2023FA,2024FA,Changed Program
D000767,STU00718,P004,2024FA,2024FA,Final Program
D000768,STU00719,P001,2025FA,2026SP,Final Program
D000769,STU00720,P002,2023SP,2023FA,Final Program
D000770,STU00721,P001,2022FA,2025SP,Final Program
D000771,STU00722,P002,2023FA,2026SP,Final Program
D000772,STU00723,P007,2024FA,2026SP,Final Program
D000773,STU00724,P006,2024FA,2026SP,Final Program
D000774,STU00725,P006,2023FA,2026SP,Final Program
D000775,STU00726,P006,2025FA,2026SP,Final Program
D000776,STU00727,P003,2025SP,2025FA,Changed Program
D000777,STU00727,P004,2025FA,2025FA,Final Program
D000778,STU00728,P002,2024FA,2026SP,Final Program
D000779,STU00729,P005,2023FA,2024SP,Final Program
D000780,STU00730,P008,2023SP,2024FA,Final Program
D000781,STU00731,P008,2023FA,2025FA,Final Program
D000782,STU00732,P005,2025FA,2026SP,Final Program
D000783,STU00733,P005,2025SP,2026SP,Final Program
D000784,STU00734,P003,2022FA,2024SP,Changed Program
D000785,STU00734,P005,2024SP,2024SP,Final Program
D000786,STU00735,P004,2023SP,2024SP,Changed Program
D000787,STU00735,P008,2024SP,2024FA,Final Program
D000788,STU00736,P007,2024SP,2025SP,Final Program
D000789,STU00737,P002,2025FA,2026SP,Final Program
D000790,STU00738,P001,2023FA,2024FA,Final Program
D000791,STU00739,P006,2023FA,2023FA,Final Program
D000792,STU00740,P001,2025SP,2025SP,Final Program
D000793,STU00741,P006,2025FA,2025FA,Final Program
D000794,STU00742,P001,2022FA,2024SP,Final Program
D000795,STU00743,P008,2025FA,2026SP,Final Program
D000796,STU00744,P005,2024FA,2026SP,Final Program
D000797,STU00745,P003,2025FA,2026SP,Final Program
D000798,STU00746,P001,2023FA,2024FA,Changed Program
D000799,STU00746,P005,2024FA,2025SU,Final Program
D000800,STU00747,P006,2024SP,2026SP,Final Program
D000801,STU00748,P006,2023FA,2025SU,Final Program
D000802,STU00749,P005,2022FA,2023FA,Final Program
D000803,STU00750,P004,2024SP,2025SP,Final Program
D000804,STU00751,P004,2025FA,2025FA,Final Program
D000805,STU00752,P002,2022FA,2024FA,Final Program
D000806,STU00753,P004,2024FA,2024FA,Final Program
D000807,STU00754,P003,2023SP,2023FA,Final Program
D000808,STU00755,P005,2024SP,2024FA,Final Program
D000809,STU00756,P007,2023SP,2024SP,Changed Program
D000810,STU00756,P001,2024SP,2025SU,Final Program
D000811,STU00757,P005,2025SP,2026SP,Changed Program
D000812,STU00757,P008,2026SP,2026SP,Final Program
D000813,STU00758,P001,2023FA,2024FA,Final Program
D000814,STU00759,P003,2024FA,2026SP,Final Program
D000815,STU00760,P003,2024FA,2024FA,Final Program
D000816,STU00761,P005,2024SP,2026SP,Final Program
D000817,STU00762,P006,2025FA,2025FA,Final Program
D000818,STU00763,P003,2024FA,2026SP,Final Program
D000819,STU00764,P001,2022FA,2025FA,Final Program
D000820,STU00765,P005,2025FA,2026SP,Final Program
D000821,STU00766,P005,2023FA,2026SP,Final Program
D000822,STU00767,P008,2024FA,2025FA,Changed Program
D000823,STU00767,P004,2025FA,2026SP,Final Program
D000824,STU00768,P001,2023FA,2025FA,Final Program
D000825,STU00769,P008,2023FA,2024FA,Final Program
D000826,STU00770,P008,2023FA,2023FA,Final Program
D000827,STU00771,P001,2023SP,2024FA,Final Program
D000828,STU00772,P004,2025SP,2026SP,Final Program
D000829,STU00773,P008,2022FA,2023FA,Final Program
D000830,STU00774,P001,2023SP,2023FA,Changed Program
D000831,STU00774,P003,2023FA,2024SP,Final Program
D000832,STU00775,P004,2023FA,2024FA,Final Program
D000833,STU00776,P002,2024FA,2025SP,Final Program
D000834,STU00777,P007,2024FA,2025FA,Final Program
D000835,STU00778,P006,2025FA,2026SP,Final Program
D000836,STU00779,P006,2022FA,2022FA,Final Program
D000837,STU00780,P003,2022FA,2023FA,Final Program
D000838,STU00781,P001,2025FA,2026SP,Final Program
D000839,STU00782,P003,2024SP,2025SP,Final Program
D000840,STU00783,P002,2023FA,2024FA,Final Program
D000841,STU00784,P001,2024FA,2025SP,Final Program
D000842,STU00785,P003,2023SP,2025SP,Final Program
D000843,STU00786,P005,2024FA,2024FA,Final Program
D000844,STU00787,P003,2023SP,2023SP,Final Program
D000845,STU00788,P002,2023FA,2025SP,Final Program
D000846,STU00789,P004,2022FA,2023SP,Final Program
D000847,STU00790,P002,2024SP,2026SP,Final Program
D000848,STU00791,P001,2025SP,2026SP,Final Program
D000849,STU00792,P005,2025FA,2026SP,Final Program
D000850,STU00793,P008,2024FA,2026SP,Final Program
D000851,STU00794,P001,2024SP,2026SP,Final Program
D000852,STU00795,P001,2022FA,2023SU,Changed Program
D000853,STU00795,P008,2023SU,2023SU,Final Program
D000854,STU00796,P005,2023FA,2026SP,Final Program
D000855,STU00797,P007,2023FA,2024SP,Final Program
D000856,STU00798,P002,2024SP,2024FA,Final Program
D000857,STU00799,P007,2022FA,2024FA,Final Program
D000858,STU00800,P004,2022FA,2025SP,Final Program
D000859,STU00801,P005,2025FA,2026SP,Final Program
D000860,STU00802,P003,2022FA,2024SP,Final Program
D000861,STU00803,P002,2025FA,2026SP,Final Program
D000862,STU00804,P008,2024SP,2025SP,Changed Program
D000863,STU00804,P001,2025SP,2025FA,Final Program
D000864,STU00805,P001,2024FA,2025SP,Final Program
D000865,STU00806,P006,2025SP,2025FA,Final Program
D000866,STU00807,P008,2024FA,2025SP,Final Program
D000867,STU00808,P003,2025FA,2025FA,Final Program
D000868,STU00809,P008,2022FA,2023SP,Final Program
D000869,STU00810,P006,2023FA,2025SP,Final Program
D000870,STU00811,P003,2023FA,2025SU,Final Program
D000871,STU00812,P005,2024SP,2026SP,Final Program
D000872,STU00813,P008,2025FA,2026SP,Final Program
D000873,STU00814,P005,2023FA,2025FA,Final Program
D000874,STU00815,P001,2025FA,2026SP,Final Program
D000875,STU00816,P006,2022FA,2024FA,Final Program
D000876,STU00817,P007,2025SP,2025SP,Final Program
D000877,STU00818,P002,2025FA,2026SP,Final Program
D000878,STU00819,P007,2023FA,2025FA,Final Program
D000879,STU00820,P008,2025FA,2026SP,Final Program
D000880,STU00821,P001,2024FA,2026SP,Final Program
D000881,STU00822,P007,2022FA,2023SU,Final Program
D000882,STU00823,P003,2023FA,2023FA,Final Program
D000883,STU00824,P004,2025SP,2026SP,Final Program
D000884,STU00825,P001,2024SP,2025SP,Final Program
D000885,STU00826,P008,2023FA,2025FA,Final Program
D000886,STU00827,P007,2024SP,2025FA,Final Program
D000887,STU00828,P007,2024FA,2026SP,Final Program
D000888,STU00829,P001,2023SP,2023FA,Final Program
D000889,STU00830,P008,2023FA,2024FA,Final Program
D000890,STU00831,P002,2024FA,2026SP,Final Program
D000891,STU00832,P006,2024FA,2025FA,Changed Program
D000892,STU00832,P001,2025FA,2026SP,Final Program
D000893,STU00833,P002,2024FA,2025SP,Final Program
D000894,STU00834,P001,2023FA,2025SP,Final Program
D000895,STU00835,P002,2024FA,2026SP,Final Program
D000896,STU00836,P008,2022FA,2024SP,Final Program
D000897,STU00837,P008,2022FA,2025SP,Final Program
D000898,STU00838,P006,2024FA,2026SP,Final Program
D000899,STU00839,P004,2022FA,2022FA,Final Program
D000900,STU00840,P001,2025FA,2026SP,Final Program
D000901,STU00841,P003,2022FA,2023SU,Final Program
D000902,STU00842,P006,2025FA,2025FA,Final Program
D000903,STU00843,P002,2024SP,2026SP,Final Program
D000904,STU00844,P007,2023SP,2023FA,Final Program
D000905,STU00845,P006,2025SP,2026SP,Final Program
D000906,STU00846,P003,2024FA,2025FA,Final Program
D000907,STU00847,P008,2024FA,2026SP,Final Program
D000908,STU00848,P007,2024FA,2025SU,Final Program
D000909,STU00849,P001,2023FA,2025SP,Final Program
D000910,STU00850,P004,2024FA,2026SP,Final Program
D000911,STU00851,P007,2024SP,2024FA,Changed Program
D000912,STU00851,P002,2024FA,2024FA,Final Program
D000913,STU00852,P007,2024FA,2025SU,Final Program
D000914,STU00853,P005,2023SP,2025SP,Final Program
D000915,STU00854,P005,2025SP,2026SP,Final Program
D000916,STU00855,P005,2022FA,2022FA,Final Program
D000917,STU00856,P006,2022FA,2024FA,Final Program
D000918,STU00857,P007,2023SP,2025SP,Final Program
D000919,STU00858,P007,2023FA,2024FA,Final Program
D000920,STU00859,P003,2025FA,2026SP,Final Program
D000921,STU00860,P001,2022FA,2023SP,Final Program
D000922,STU00861,P008,2022FA,2023SP,Final Program
D000923,STU00862,P006,2022FA,2024SP,Final Program
D000924,STU00863,P006,2025SP,2025SP,Final Program
D000925,STU00864,P005,2025FA,2026SP,Final Program
D000926,STU00865,P007,2024FA,2025SP,Final Program
D000927,STU00866,P001,2023SP,2025SP,Final Program
D000928,STU00867,P002,2022FA,2023FA,Final Program
D000929,STU00868,P002,2025FA,2026SP,Final Program
D000930,STU00869,P005,2023FA,2025SP,Final Program
D000931,STU00870,P007,2023FA,2024FA,Final Program
D000932,STU00871,P006,2024FA,2025FA,Final Program
D000933,STU00872,P004,2025SP,2025SU,Final Program
D000934,STU00873,P006,2023SP,2023SP,Final Program
D000935,STU00874,P006,2022FA,2023SP,Final Program
D000936,STU00875,P008,2023SP,2023FA,Final Program
D000937,STU00876,P002,2023SP,2023SP,Final Program
D000938,STU00877,P007,2023FA,2024FA,Final Program
D000939,STU00878,P008,2024FA,2026SP,Changed Program
D000940,STU00878,P002,2026SP,2026SP,Final Program
D000941,STU00879,P008,2025SP,2026SP,Final Program
D000942,STU00880,P008,2025FA,2026SP,Final Program
D000943,STU00881,P001,2023FA,2023FA,Final Program
D000944,STU00882,P004,2022FA,2023FA,Final Program
D000945,STU00883,P003,2025SP,2025SU,Final Program
D000946,STU00884,P007,2023SP,2023FA,Final Program
D000947,STU00885,P008,2025SP,2026SP,Final Program
D000948,STU00886,P003,2023SP,2024SP,Final Program
D000949,STU00887,P004,2024FA,2025SP,Final Program
D000950,STU00888,P005,2022FA,2024SU,Final Program
D000951,STU00889,P004,2024FA,2025FA,Final Program
D000952,STU00890,P008,2022FA,2023SP,Final Program
D000953,STU00891,P002,2024SP,2025SP,Final Program
D000954,STU00892,P008,2023FA,2023FA,Final Program
D000955,STU00893,P002,2023SP,2023FA,Changed Program
D000956,STU00893,P004,2023FA,2023FA,Final Program
D000957,STU00894,P005,2025FA,2025FA,Final Program
D000958,STU00895,P001,2024FA,2024FA,Final Program
D000959,STU00896,P007,2024FA,2025SP,Final Program
D000960,STU00897,P005,2024FA,2025FA,Final Program
D000961,STU00898,P004,2025SP,2025SP,Final Program
D000962,STU00899,P008,2023FA,2023FA,Final Program
D000963,STU00900,P002,2023FA,2025SP,Final Program
D000964,STU00901,P008,2025FA,2026SP,Final Program
D000965,STU00902,P005,2023FA,2023FA,Final Program
D000966,STU00903,P001,2025FA,2026SP,Final Program
D000967,STU00904,P006,2023FA,2025SP,Final Program
D000968,STU00905,P005,2022FA,2024SP,Final Program
D000969,STU00906,P005,2023FA,2024FA,Changed Program
D000970,STU00906,P004,2024FA,2025SP,Final Program
D000971,STU00907,P002,2022FA,2024SP,Final Program
D000972,STU00908,P007,2023SP,2025SP,Final Program
D000973,STU00909,P005,2025FA,2026SP,Final Program
D000974,STU00910,P002,2024SP,2025SU,Final Program
D000975,STU00911,P002,2024FA,2025SU,Final Program
D000976,STU00912,P001,2023FA,2026SP,Final Program
D000977,STU00913,P004,2025FA,2026SP,Final Program
D000978,STU00914,P008,2023FA,2025SU,Final Program
D000979,STU00915,P003,2024FA,2026SP,Final Program
D000980,STU00916,P001,2023FA,2024FA,Final Program
D000981,STU00917,P008,2024SP,2024SU,Final Program
D000982,STU00918,P008,2025FA,2026SP,Final Program
D000983,STU00919,P001,2024FA,2025SP,Final Program
D000984,STU00920,P007,2022FA,2023SP,Final Program
D000985,STU00921,P006,2022FA,2024SP,Final Program
D000986,STU00922,P002,2022FA,2023SU,Final Program
D000987,STU00923,P005,2023SP,2023SP,Final Program
D000988,STU00924,P003,2023FA,2024FA,Final Program
D000989,STU00925,P002,2025FA,2026SP,Final Program
D000990,STU00926,P002,2025SP,2025SP,Final Program
D000991,STU00927,P001,2022FA,2023FA,Changed Program
D000992,STU00927,P006,2023FA,2024FA,Final Program
D000993,STU00928,P004,2025FA,2026SP,Final Program
D000994,STU00929,P001,2024SP,2025FA,Final Program
D000995,STU00930,P002,2025FA,2026SP,Final Program
D000996,STU00931,P008,2022FA,2022FA,Final Program
D000997,STU00932,P003,2025SP,2026SP,Final Program
D000998,STU00933,P005,2025FA,2026SP,Final Program
D000999,STU00934,P003,2022FA,2024SP,Final Program
D001000,STU00935,P001,2022FA,2024FA,Final Program
D001001,STU00936,P007,2022FA,2023FA,Changed Program
D001002,STU00936,P003,2023FA,2025SP,Final Program
D001003,STU00937,P005,2022FA,2024SU,Final Program
D001004,STU00938,P007,2023FA,2025SP,Final Program
D001005,STU00939,P004,2024FA,2025SU,Final Program
D001006,STU00940,P002,2025FA,2026SP,Final Program
D001007,STU00941,P004,2025FA,2026SP,Final Program
D001008,STU00942,P006,2023FA,2024SP,Final Program
D001009,STU00943,P007,2022FA,2023SP,Final Program
D001010,STU00944,P004,2024FA,2026SP,Final Program
D001011,STU00945,P008,2025FA,2026SP,Final Program
D001012,STU00946,P008,2024FA,2025SP,Final Program
D001013,STU00947,P007,2023SP,2025SU,Final Program
D001014,STU00948,P002,2022FA,2023SP,Final Program
D001015,STU00949,P008,2024FA,2025FA,Final Program
D001016,STU00950,P006,2025SP,2026SP,Final Program
D001017,STU00951,P005,2024FA,2026SP,Final Program
D001018,STU00952,P001,2022FA,2022FA,Final Program
D001019,STU00953,P003,2022FA,2022FA,Final Program
D001020,STU00954,P004,2024FA,2024FA,Final Program
D001021,STU00955,P004,2025FA,2026SP,Final Program
D001022,STU00956,P007,2025FA,2026SP,Final Program
D001023,STU00957,P008,2024SP,2025SP,Final Program
D001024,STU00958,P001,2023SP,2023SP,Final Program
D001025,STU00959,P005,2023FA,2025SP,Final Program
D001026,STU00960,P007,2024SP,2025SP,Final Program
D001027,STU00961,P005,2024FA,2026SP,Final Program
D001028,STU00962,P002,2023SP,2023SU,Final Program
D001029,STU00963,P006,2024FA,2026SP,Final Program
D001030,STU00964,P004,2022FA,2025SP,Final Program
D001031,STU00965,P001,2025SP,2026SP,Final Program
D001032,STU00966,P004,2023FA,2025SP,Final Program
D001033,STU00967,P007,2025SP,2025FA,Final Program
D001034,STU00968,P008,2023FA,2023FA,Final Program
D001035,STU00969,P008,2023FA,2024SP,Final Program
D001036,STU00970,P002,2023FA,2023FA,Final Program
D001037,STU00971,P008,2025FA,2025FA,Final Program
D001038,STU00972,P001,2022FA,2023FA,Final Program
D001039,STU00973,P005,2023SP,2025SP,Final Program
D001040,STU00974,P004,2025FA,2026SP,Final Program
D001041,STU00975,P008,2023FA,2025SP,Final Program
D001042,STU00976,P008,2024FA,2026SP,Final Program
D001043,STU00977,P006,2023FA,2024SU,Final Program
D001044,STU00978,P001,2023FA,2025SP,Final Program
D001045,STU00979,P008,2022FA,2023FA,Final Program
D001046,STU00980,P006,2023FA,2024FA,Final Program
D001047,STU00981,P008,2022FA,2024SP,Final Program
D001048,STU00982,P007,2023FA,2024SP,Final Program
D001049,STU00983,P006,2025SP,2025SP,Final Program
D001050,STU00984,P004,2023FA,2025SP,Final Program
D001051,STU00985,P001,2024SP,2025FA,Final Program
D001052,STU00986,P001,2024SP,2026SP,Final Program
D001053,STU00987,P008,2024FA,2026SP,Final Program
D001054,STU00988,P003,2022FA,2023SP,Final Program
D001055,STU00989,P008,2024FA,2026SP,Final Program
D001056,STU00990,P001,2025SP,2026SP,Final Program
D001057,STU00991,P001,2024FA,2025FA,Final Program
D001058,STU00992,P002,2025SP,2026SP,Final Program
D001059,STU00993,P002,2022FA,2024SU,Final Program
D001060,STU00994,P002,2025FA,2026SP,Final Program
D001061,STU00995,P008,2023FA,2024SU,Final Program
D001062,STU00996,P008,2025FA,2026SP,Final Program
D001063,STU00997,P006,2022FA,2023FA,Final Program
D001064,STU00998,P005,2025SP,2025FA,Final Program
D001065,STU00999,P002,2023FA,2024SP,Final Program
D001066,STU01000,P003,2024FA,2026SP,Final Program
D001067,STU01001,P006,2023FA,2024FA,Final Program
D001068,STU01002,P002,2025FA,2026SP,Final Program
D001069,STU01003,P007,2025FA,2026SP,Final Program
D001070,STU01004,P007,2024SP,2024FA,Final Program
D001071,STU01005,P003,2024FA,2026SP,Final Program
D001072,STU01006,P007,2024SP,2024FA,Final Program
D001073,STU01007,P005,2024FA,2026SP,Final Program
D001074,STU01008,P003,2022FA,2024SP,Final Program
D001075,STU01009,P004,2025SP,2025SU,Final Program
D001076,STU01010,P002,2025FA,2026SP,Final Program
D001077,STU01011,P004,2023FA,2024FA,Final Program
D001078,STU01012,P001,2023FA,2025SP,Final Program
D001079,STU01013,P001,2025FA,2026SP,Final Program
D001080,STU01014,P001,2024SP,2025SU,Final Program
D001081,STU01015,P004,2025FA,2026SP,Final Program
D001082,STU01016,P008,2025SP,2026SP,Final Program
D001083,STU01017,P008,2024FA,2026SP,Final Program
D001084,STU01018,P005,2023FA,2025SP,Final Program
D001085,STU01019,P002,2024FA,2026SP,Final Program
D001086,STU01020,P002,2024SP,2024FA,Final Program
D001087,STU01021,P008,2024FA,2025FA,Final Program
D001088,STU01022,P008,2023FA,2025SP,Final Program
D001089,STU01023,P002,2025SP,2025FA,Changed Program
D001090,STU01023,P001,2025FA,2026SP,Final Program
D001091,STU01024,P006,2025FA,2026SP,Final Program
D001092,STU01025,P002,2025FA,2026SP,Final Program
D001093,STU01026,P001,2024FA,2025FA,Final Program
D001094,STU01027,P007,2024FA,2026SP,Final Program
D001095,STU01028,P002,2022FA,2022FA,Final Program
D001096,STU01029,P005,2024FA,2025SU,Final Program
D001097,STU01030,P005,2024SP,2024FA,Changed Program
D001098,STU01030,P001,2024FA,2026SP,Final Program
D001099,STU01031,P005,2024FA,2026SP,Final Program
D001100,STU01032,P008,2022FA,2024SU,Final Program
D001101,STU01033,P006,2025FA,2026SP,Final Program
D001102,STU01034,P005,2022FA,2024FA,Final Program
D001103,STU01035,P007,2024SP,2024SP,Final Program
D001104,STU01036,P006,2023FA,2023FA,Final Program
D001105,STU01037,P004,2023FA,2025SP,Final Program
D001106,STU01038,P006,2024SP,2024SP,Final Program
D001107,STU01039,P003,2022FA,2022FA,Final Program
D001108,STU01040,P003,2024FA,2026SP,Final Program
D001109,STU01041,P007,2023FA,2023FA,Final Program
D001110,STU01042,P001,2023SP,2025SP,Final Program
D001111,STU01043,P004,2022FA,2023FA,Final Program
D001112,STU01044,P005,2023SP,2023FA,Changed Program
D001113,STU01044,P001,2023FA,2023FA,Final Program
D001114,STU01045,P002,2025FA,2026SP,Final Program
D001115,STU01046,P002,2024FA,2026SP,Final Program
D001116,STU01047,P007,2023FA,2026SP,Final Program
D001117,STU01048,P001,2025SP,2025SP,Final Program
D001118,STU01049,P006,2023FA,2024SP,Final Program
D001119,STU01050,P003,2022FA,2023SP,Final Program
D001120,STU01051,P003,2025SP,2025FA,Final Program
D001121,STU01052,P004,2025SP,2026SP,Final Program
D001122,STU01053,P001,2025FA,2026SP,Final Program
D001123,STU01054,P008,2024FA,2026SP,Final Program
D001124,STU01055,P008,2023FA,2026SP,Final Program
D001125,STU01056,P001,2023SP,2023FA,Changed Program
D001126,STU01056,P003,2023FA,2024SP,Final Program
D001127,STU01057,P002,2025FA,2026SP,Final Program
D001128,STU01058,P007,2023FA,2024FA,Final Program
D001129,STU01059,P007,2025FA,2026SP,Final Program
D001130,STU01060,P003,2024FA,2025FA,Final Program
D001131,STU01061,P007,2024SP,2025FA,Final Program
D001132,STU01062,P002,2024SP,2024SP,Final Program
D001133,STU01063,P002,2023FA,2024FA,Final Program
D001134,STU01064,P002,2025FA,2026SP,Final Program
D001135,STU01065,P005,2025SP,2026SP,Final Program
D001136,STU01066,P008,2025FA,2026SP,Final Program
D001137,STU01067,P002,2024SP,2024FA,Final Program
D001138,STU01068,P003,2025SP,2026SP,Final Program
D001139,STU01069,P001,2023FA,2024SU,Changed Program
D001140,STU01069,P003,2024SU,2025FA,Final Program
D001141,STU01070,P001,2022FA,2023SP,Final Program
D001142,STU01071,P007,2024SP,2025FA,Final Program
D001143,STU01072,P006,2023FA,2023FA,Final Program
D001144,STU01073,P006,2024FA,2026SP,Final Program
D001145,STU01074,P002,2025SP,2025SP,Final Program
D001146,STU01075,P006,2025SP,2026SP,Final Program
D001147,STU01076,P001,2024FA,2025SP,Final Program
D001148,STU01077,P006,2024FA,2026SP,Final Program
D001149,STU01078,P002,2024SP,2024SP,Final Program
D001150,STU01079,P007,2023FA,2025SP,Changed Program
D001151,STU01079,P006,2025SP,2026SP,Final Program
D001152,STU01080,P006,2022FA,2024SP,Final Program
D001153,STU01081,P007,2024FA,2026SP,Final Program
D001154,STU01082,P007,2023FA,2025FA,Final Program
D001155,STU01083,P007,2025FA,2026SP,Final Program
D001156,STU01084,P001,2023FA,2026SP,Final Program
D001157,STU01085,P008,2023FA,2025FA,Final Program
D001158,STU01086,P003,2025FA,2025FA,Final Program
D001159,STU01087,P001,2022FA,2022FA,Final Program
D001160,STU01088,P008,2025FA,2026SP,Final Program
D001161,STU01089,P002,2025FA,2026SP,Final Program
D001162,STU01090,P007,2024SP,2024FA,Final Program
D001163,STU01091,P007,2024SP,2024FA,Final Program
D001164,STU01092,P005,2023FA,2024SP,Final Program
D001165,STU01093,P001,2024FA,2025SU,Final Program
D001166,STU01094,P002,2024SP,2025SP,Final Program
D001167,STU01095,P007,2022FA,2023FA,Final Program
D001168,STU01096,P002,2025FA,2025FA,Final Program
D001169,STU01097,P003,2025SP,2026SP,Final Program
D001170,STU01098,P008,2022FA,2023SP,Final Program
D001171,STU01099,P002,2025FA,2026SP,Final Program
D001172,STU01100,P001,2025FA,2026SP,Final Program
D001173,STU01101,P008,2023FA,2026SP,Final Program
D001174,STU01102,P004,2023FA,2023FA,Final Program
D001175,STU01103,P007,2025SP,2025FA,Changed Program
D001176,STU01103,P003,2025FA,2026SP,Final Program
D001177,STU01104,P008,2024FA,2026SP,Final Program
D001178,STU01105,P001,2023FA,2023FA,Final Program
D001179,STU01106,P002,2023SP,2024SP,Final Program
D001180,STU01107,P004,2024FA,2026SP,Final Program
D001181,STU01108,P008,2023FA,2025SP,Final Program
D001182,STU01109,P003,2023FA,2024SP,Final Program
D001183,STU01110,P001,2024FA,2026SP,Final Program
D001184,STU01111,P007,2025FA,2026SP,Final Program
D001185,STU01112,P003,2024FA,2024FA,Final Program
D001186,STU01113,P003,2022FA,2022FA,Final Program
D001187,STU01114,P007,2024FA,2025SP,Final Program
D001188,STU01115,P003,2024SP,2026SP,Final Program
D001189,STU01116,P004,2025FA,2026SP,Final Program
D001190,STU01117,P002,2025SP,2026SP,Final Program
D001191,STU01118,P003,2024SP,2025FA,Final Program
D001192,STU01119,P002,2025SP,2026SP,Final Program
D001193,STU01120,P003,2024SP,2026SP,Final Program
D001194,STU01121,P002,2024FA,2025FA,Final Program
D001195,STU01122,P008,2023FA,2025SP,Final Program
D001196,STU01123,P004,2022FA,2024FA,Final Program
D001197,STU01124,P001,2024FA,2025FA,Final Program
D001198,STU01125,P007,2023SP,2023SP,Final Program
D001199,STU01126,P008,2023SP,2025FA,Final Program
D001200,STU01127,P001,2025SP,2025SP,Final Program
D001201,STU01128,P005,2022FA,2023SP,Final Program
D001202,STU01129,P008,2025FA,2026SP,Final Program
D001203,STU01130,P006,2022FA,2023SP,Final Program
D001204,STU01131,P005,2025FA,2026SP,Final Program
D001205,STU01132,P005,2025FA,2025FA,Final Program
D001206,STU01133,P002,2022FA,2024SU,Final Program
D001207,STU01134,P003,2025SP,2026SP,Final Program
D001208,STU01135,P002,2023FA,2023FA,Final Program
D001209,STU01136,P002,2025FA,2026SP,Final Program
D001210,STU01137,P007,2024FA,2026SP,Final Program
D001211,STU01138,P005,2025SP,2026SP,Final Program
D001212,STU01139,P002,2025FA,2026SP,Final Program
D001213,STU01140,P005,2025FA,2026SP,Final Program
D001214,STU01141,P003,2024FA,2025FA,Final Program
D001215,STU01142,P008,2024FA,2025SP,Final Program
D001216,STU01143,P002,2025SP,2026SP,Final Program
D001217,STU01144,P003,2023FA,2024FA,Changed Program
D001218,STU01144,P004,2024FA,2025FA,Final Program
D001219,STU01145,P003,2023SP,2024FA,Final Program
D001220,STU01146,P005,2024SP,2025FA,Final Program
D001221,STU01147,P008,2025FA,2026SP,Final Program
D001222,STU01148,P008,2023SP,2025SP,Final Program
D001223,STU01149,P006,2025FA,2026SP,Final Program
D001224,STU01150,P006,2022FA,2023FA,Final Program
D001225,STU01151,P002,2023FA,2024FA,Final Program
D001226,STU01152,P001,2024FA,2024FA,Final Program
D001227,STU01153,P004,2025SP,2026SP,Final Program
D001228,STU01154,P008,2023FA,2024FA,Final Program
D001229,STU01155,P001,2025FA,2026SP,Final Program
D001230,STU01156,P001,2025FA,2026SP,Final Program
D001231,STU01157,P003,2025FA,2026SP,Final Program
D001232,STU01158,P001,2023FA,2024SU,Changed Program
D001233,STU01158,P005,2024SU,2025SU,Final Program
D001234,STU01159,P008,2024FA,2025SP,Final Program
D001235,STU01160,P006,2023SP,2024FA,Final Program
D001236,STU01161,P003,2024SP,2025SP,Changed Program
D001237,STU01161,P008,2025SP,2025SP,Final Program
D001238,STU01162,P003,2025FA,2026SP,Final Program
D001239,STU01163,P002,2024SP,2025SP,Final Program
D001240,STU01164,P006,2024FA,2026SP,Final Program
D001241,STU01165,P007,2025FA,2026SP,Final Program
D001242,STU01166,P005,2023FA,2025SP,Final Program
D001243,STU01167,P005,2023FA,2023FA,Final Program
D001244,STU01168,P001,2023FA,2024FA,Final Program
D001245,STU01169,P003,2023SP,2024FA,Final Program
D001246,STU01170,P004,2023FA,2024FA,Final Program
D001247,STU01171,P008,2024FA,2025FA,Final Program
D001248,STU01172,P006,2025FA,2026SP,Final Program
D001249,STU01173,P001,2023FA,2024SU,Final Program
D001250,STU01174,P004,2022FA,2023SP,Final Program
D001251,STU01175,P002,2023FA,2025SP,Final Program
D001252,STU01176,P002,2023SP,2024SP,Final Program
D001253,STU01177,P008,2024FA,2026SP,Final Program
D001254,STU01178,P004,2025SP,2026SP,Final Program
D001255,STU01179,P004,2023FA,2024FA,Changed Program
D001256,STU01179,P005,2024FA,2024FA,Final Program
D001257,STU01180,P001,2022FA,2024SU,Final Program
D001258,STU01181,P003,2024FA,2025FA,Changed Program
D001259,STU01181,P005,2025FA,2026SP,Final Program
D001260,STU01182,P006,2025FA,2026SP,Final Program
D001261,STU01183,P007,2025FA,2026SP,Final Program
D001262,STU01184,P001,2022FA,2024SP,Final Program
D001263,STU01185,P007,2025FA,2025FA,Final Program
D001264,STU01186,P004,2024FA,2025FA,Changed Program
D001265,STU01186,P006,2025FA,2025FA,Final Program
D001266,STU01187,P001,2024FA,2025SU,Changed Program
D001267,STU01187,P006,2025SU,2025FA,Final Program
D001268,STU01188,P006,2022FA,2023FA,Final Program
D001269,STU01189,P002,2023FA,2025FA,Final Program
D001270,STU01190,P004,2024FA,2025FA,Final Program
D001271,STU01191,P005,2024SP,2025FA,Final Program
D001272,STU01192,P002,2025FA,2026SP,Final Program
D001273,STU01193,P002,2024FA,2026SP,Final Program
D001274,STU01194,P001,2024FA,2026SP,Final Program
D001275,STU01195,P008,2023FA,2024FA,Final Program
D001276,STU01196,P001,2022FA,2024SU,Final Program
D001277,STU01197,P005,2022FA,2024SP,Changed Program
D001278,STU01197,P008,2024SP,2024SU,Final Program
D001279,STU01198,P001,2022FA,2023SP,Final Program
D001280,STU01199,P003,2022FA,2022FA,Final Program
D001281,STU01200,P006,2023FA,2025FA,Final Program
D001282,STU01201,P001,2023FA,2024FA,Final Program
D001283,STU01202,P006,2025SP,2026SP,Final Program
D001284,STU01203,P002,2022FA,2023FA,Final Program
D001285,STU01204,P003,2025FA,2026SP,Final Program
D001286,STU01205,P008,2022FA,2022FA,Final Program
D001287,STU01206,P005,2023FA,2024FA,Final Program
D001288,STU01207,P005,2025FA,2026SP,Final Program
D001289,STU01208,P003,2025FA,2026SP,Final Program
D001290,STU01209,P004,2025FA,2026SP,Final Program
D001291,STU01210,P006,2024FA,2025FA,Final Program
D001292,STU01211,P005,2024FA,2024FA,Final Program
D001293,STU01212,P008,2023FA,2024FA,Changed Program
D001294,STU01212,P003,2024FA,2026SP,Final Program
D001295,STU01213,P008,2024FA,2026SP,Final Program
D001296,STU01214,P006,2023FA,2025FA,Final Program
D001297,STU01215,P001,2025FA,2026SP,Final Program
D001298,STU01216,P001,2025SP,2026SP,Final Program
D001299,STU01217,P008,2025FA,2026SP,Final Program
D001300,STU01218,P003,2024FA,2025SP,Final Program
D001301,STU01219,P002,2024SP,2025SP,Final Program
D001302,STU01220,P005,2024FA,2025FA,Final Program
D001303,STU01221,P002,2022FA,2023SU,Final Program
D001304,STU01222,P006,2023SP,2025SP,Final Program
D001305,STU01223,P001,2023FA,2026SP,Final Program
D001306,STU01224,P006,2023FA,2025SP,Final Program
D001307,STU01225,P007,2023FA,2024SP,Final Program
D001308,STU01226,P005,2023SP,2024SP,Final Program
D001309,STU01227,P008,2023FA,2024SU,Final Program
D001310,STU01228,P001,2023SP,2023SP,Final Program
D001311,STU01229,P005,2025FA,2025FA,Final Program
D001312,STU01230,P006,2022FA,2024SP,Final Program
D001313,STU01231,P001,2024FA,2026SP,Final Program
D001314,STU01232,P001,2024SP,2026SP,Final Program
D001315,STU01233,P003,2024FA,2025FA,Final Program
D001316,STU01234,P002,2023FA,2024FA,Final Program
D001317,STU01235,P006,2023FA,2025FA,Final Program
D001318,STU01236,P008,2024FA,2026SP,Final Program
D001319,STU01237,P008,2025FA,2026SP,Final Program
D001320,STU01238,P008,2023SP,2023SP,Final Program
D001321,STU01239,P005,2023SP,2024FA,Final Program
D001322,STU01240,P005,2022FA,2022FA,Final Program
D001323,STU01241,P005,2024FA,2026SP,Final Program
D001324,STU01242,P002,2022FA,2023FA,Final Program
D001325,STU01243,P005,2022FA,2024FA,Final Program
D001326,STU01244,P003,2023SP,2024FA,Final Program
D001327,STU01245,P003,2025FA,2025FA,Final Program
D001328,STU01246,P007,2023FA,2024FA,Final Program
D001329,STU01247,P008,2024SP,2025SU,Final Program
D001330,STU01248,P006,2023FA,2025SP,Final Program
D001331,STU01249,P006,2023SP,2023SP,Final Program
D001332,STU01250,P008,2025SP,2026SP,Final Program
D001333,STU01251,P008,2023FA,2024SP,Final Program
D001334,STU01252,P004,2023FA,2024SU,Final Program
D001335,STU01253,P002,2023SP,2023FA,Final Program
D001336,STU01254,P005,2025FA,2026SP,Final Program
D001337,STU01255,P005,2024FA,2026SP,Final Program
D001338,STU01256,P007,2023SP,2024FA,Final Program
D001339,STU01257,P007,2025SP,2026SP,Final Program
D001340,STU01258,P007,2024FA,2026SP,Final Program
D001341,STU01259,P005,2023FA,2024SP,Final Program
D001342,STU01260,P005,2025SP,2026SP,Final Program
D001343,STU01261,P001,2022FA,2024SP,Changed Program
D001344,STU01261,P005,2024SP,2024SP,Final Program
D001345,STU01262,P005,2025FA,2026SP,Final Program
D001346,STU01263,P005,2024FA,2026SP,Final Program
D001347,STU01264,P002,2025FA,2026SP,Final Program
D001348,STU01265,P006,2024FA,2025SU,Final Program
D001349,STU01266,P002,2023FA,2024SU,Final Program
D001350,STU01267,P004,2024FA,2025FA,Final Program
D001351,STU01268,P006,2024SP,2025SP,Changed Program
D001352,STU01268,P003,2025SP,2025SP,Final Program
D001353,STU01269,P002,2025FA,2026SP,Final Program
D001354,STU01270,P007,2025FA,2025FA,Final Program
D001355,STU01271,P003,2025FA,2025FA,Final Program
D001356,STU01272,P006,2023FA,2023FA,Final Program
D001357,STU01273,P006,2025FA,2026SP,Final Program
D001358,STU01274,P002,2023FA,2025SP,Final Program
D001359,STU01275,P006,2025FA,2026SP,Final Program
D001360,STU01276,P007,2022FA,2023SP,Final Program
D001361,STU01277,P005,2024SP,2025SU,Changed Program
D001362,STU01277,P007,2025SU,2025SU,Final Program
D001363,STU01278,P007,2025FA,2026SP,Final Program
D001364,STU01279,P005,2024FA,2026SP,Final Program
D001365,STU01280,P005,2024FA,2025FA,Final Program
D001366,STU01281,P001,2022FA,2023SP,Final Program
D001367,STU01282,P002,2025FA,2026SP,Final Program
D001368,STU01283,P003,2024FA,2026SP,Final Program
D001369,STU01284,P004,2023FA,2024SU,Changed Program
D001370,STU01284,P007,2024SU,2024FA,Final Program
D001371,STU01285,P007,2023FA,2025SP,Final Program
D001372,STU01286,P007,2024FA,2026SP,Final Program
D001373,STU01287,P001,2025FA,2026SP,Final Program
D001374,STU01288,P005,2025SP,2026SP,Changed Program
D001375,STU01288,P008,2026SP,2026SP,Final Program
D001376,STU01289,P007,2024FA,2026SP,Final Program
D001377,STU01290,P002,2025SP,2026SP,Final Program
D001378,STU01291,P005,2023FA,2024FA,Changed Program
D001379,STU01291,P003,2024FA,2024FA,Final Program
D001380,STU01292,P003,2022FA,2023SU,Final Program
D001381,STU01293,P001,2024FA,2026SP,Final Program
D001382,STU01294,P008,2023FA,2024FA,Final Program
D001383,STU01295,P001,2025FA,2026SP,Final Program
D001384,STU01296,P008,2022FA,2024SP,Final Program
D001385,STU01297,P008,2025FA,2026SP,Final Program
D001386,STU01298,P004,2024SP,2025FA,Final Program
D001387,STU01299,P004,2024FA,2025FA,Final Program
D001388,STU01300,P005,2023FA,2024FA,Final Program
D001389,STU01301,P003,2024SP,2024SU,Final Program
D001390,STU01302,P005,2023FA,2024SP,Final Program
D001391,STU01303,P003,2025SP,2026SP,Final Program
D001392,STU01304,P007,2025FA,2026SP,Final Program
D001393,STU01305,P003,2024FA,2024FA,Final Program
D001394,STU01306,P007,2023FA,2025SU,Final Program
D001395,STU01307,P008,2024FA,2024FA,Final Program
D001396,STU01308,P003,2024FA,2026SP,Final Program
D001397,STU01309,P004,2023FA,2024SU,Final Program
D001398,STU01310,P005,2025SP,2026SP,Final Program
D001399,STU01311,P004,2023FA,2023FA,Final Program
D001400,STU01312,P008,2023FA,2026SP,Final Program
D001401,STU01313,P008,2025SP,2025FA,Changed Program
D001402,STU01313,P003,2025FA,2026SP,Final Program
D001403,STU01314,P005,2023SP,2025SP,Final Program
D001404,STU01315,P006,2022FA,2024SU,Final Program
D001405,STU01316,P002,2025FA,2026SP,Final Program
D001406,STU01317,P002,2024FA,2026SP,Final Program
D001407,STU01318,P004,2022FA,2023FA,Changed Program
D001408,STU01318,P005,2023FA,2025SP,Final Program
D001409,STU01319,P002,2024FA,2026SP,Final Program
D001410,STU01320,P002,2023FA,2025SP,Final Program
D001411,STU01321,P008,2025FA,2026SP,Final Program
D001412,STU01322,P003,2023FA,2024FA,Final Program
D001413,STU01323,P004,2024FA,2024FA,Final Program
D001414,STU01324,P001,2024FA,2025SU,Final Program
D001415,STU01325,P005,2024FA,2026SP,Final Program
D001416,STU01326,P001,2024SP,2024SU,Final Program
D001417,STU01327,P005,2023FA,2025SP,Final Program
D001418,STU01328,P002,2025FA,2026SP,Final Program
D001419,STU01329,P005,2023FA,2025FA,Final Program
D001420,STU01330,P005,2023SP,2024SP,Final Program
D001421,STU01331,P004,2022FA,2023FA,Changed Program
D001422,STU01331,P002,2023FA,2023FA,Final Program
D001423,STU01332,P006,2024SP,2025SP,Final Program
D001424,STU01333,P008,2023FA,2024SP,Final Program
D001425,STU01334,P001,2023SP,2023FA,Final Program
D001426,STU01335,P003,2024FA,2025FA,Final Program
D001427,STU01336,P005,2025FA,2025FA,Final Program
D001428,STU01337,P008,2022FA,2024FA,Final Program
D001429,STU01338,P006,2024SP,2025FA,Final Program
D001430,STU01339,P005,2025FA,2025FA,Final Program
D001431,STU01340,P007,2023FA,2025SP,Final Program
D001432,STU01341,P004,2025FA,2025FA,Final Program
D001433,STU01342,P001,2025FA,2026SP,Final Program
D001434,STU01343,P001,2025FA,2026SP,Final Program
D001435,STU01344,P004,2024SP,2026SP,Final Program
D001436,STU01345,P001,2025FA,2026SP,Final Program
D001437,STU01346,P008,2024FA,2025SP,Final Program
D001438,STU01347,P008,2022FA,2022FA,Final Program
D001439,STU01348,P002,2023SP,2023SP,Final Program
D001440,STU01349,P003,2025FA,2026SP,Final Program
D001441,STU01350,P001,2023FA,2024FA,Changed Program
D001442,STU01350,P008,2024FA,2024FA,Final Program
D001443,STU01351,P008,2023FA,2026SP,Final Program
D001444,STU01352,P007,2022FA,2023SU,Final Program
D001445,STU01353,P008,2025FA,2026SP,Final Program
D001446,STU01354,P004,2023FA,2024FA,Final Program
D001447,STU01355,P002,2025SP,2026SP,Final Program
D001448,STU01356,P002,2024FA,2025FA,Changed Program
D001449,STU01356,P005,2025FA,2025FA,Final Program
D001450,STU01357,P006,2024FA,2025FA,Final Program
D001451,STU01358,P005,2025FA,2026SP,Final Program
D001452,STU01359,P008,2023FA,2025SP,Final Program
D001453,STU01360,P006,2023FA,2024FA,Final Program
D001454,STU01361,P005,2024FA,2026SP,Final Program
D001455,STU01362,P002,2024SP,2025FA,Final Program
D001456,STU01363,P001,2023SP,2023SP,Final Program
D001457,STU01364,P005,2023FA,2025FA,Final Program
D001458,STU01365,P007,2023FA,2026SP,Final Program
D001459,STU01366,P003,2022FA,2023FA,Changed Program
D001460,STU01366,P006,2023FA,2023FA,Final Program
D001461,STU01367,P002,2025FA,2026SP,Final Program
D001462,STU01368,P004,2024FA,2025FA,Final Program
D001463,STU01369,P003,2025FA,2026SP,Final Program
D001464,STU01370,P003,2025SP,2026SP,Changed Program
D001465,STU01370,P004,2026SP,2026SP,Final Program
D001466,STU01371,P004,2025FA,2026SP,Final Program
D001467,STU01372,P008,2025FA,2026SP,Final Program
D001468,STU01373,P001,2023FA,2026SP,Final Program
D001469,STU01374,P001,2024FA,2024FA,Final Program
D001470,STU01375,P002,2023FA,2024FA,Final Program
D001471,STU01376,P001,2025FA,2026SP,Final Program
D001472,STU01377,P006,2025FA,2026SP,Final Program
D001473,STU01378,P006,2023SP,2024FA,Final Program
D001474,STU01379,P006,2025SP,2026SP,Final Program
D001475,STU01380,P001,2023FA,2024FA,Final Program
D001476,STU01381,P005,2025FA,2026SP,Final Program
D001477,STU01382,P008,2023FA,2024FA,Final Program
D001478,STU01383,P008,2023FA,2025FA,Final Program
D001479,STU01384,P007,2023FA,2023FA,Final Program
D001480,STU01385,P005,2023SP,2024SP,Changed Program
D001481,STU01385,P002,2024SP,2026SP,Final Program
D001482,STU01386,P008,2023FA,2025SP,Final Program
D001483,STU01387,P002,2025SP,2025FA,Final Program
D001484,STU01388,P002,2022FA,2023SU,Changed Program
D001485,STU01388,P006,2023SU,2024SP,Final Program
D001486,STU01389,P001,2025FA,2026SP,Final Program
D001487,STU01390,P002,2025FA,2026SP,Final Program
D001488,STU01391,P008,2023SP,2023SP,Final Program
D001489,STU01392,P001,2022FA,2024SP,Final Program
D001490,STU01393,P006,2024FA,2026SP,Final Program
D001491,STU01394,P001,2025FA,2026SP,Final Program
D001492,STU01395,P005,2023SP,2024SU,Final Program
D001493,STU01396,P002,2025FA,2026SP,Final Program
D001494,STU01397,P004,2022FA,2023FA,Final Program
D001495,STU01398,P005,2023FA,2026SP,Final Program
D001496,STU01399,P003,2024FA,2024FA,Final Program
D001497,STU01400,P008,2025FA,2026SP,Final Program
D001498,STU01401,P002,2025FA,2026SP,Final Program
D001499,STU01402,P008,2023SP,2024FA,Final Program
D001500,STU01403,P006,2024SP,2025SU,Final Program
D001501,STU01404,P008,2023SP,2024SP,Final Program
D001502,STU01405,P002,2025FA,2026SP,Final Program
D001503,STU01406,P005,2022FA,2023FA,Final Program
D001504,STU01407,P002,2024SP,2025SP,Final Program
D001505,STU01408,P001,2025FA,2026SP,Final Program
D001506,STU01409,P005,2025FA,2026SP,Final Program
D001507,STU01410,P008,2024FA,2026SP,Final Program
D001508,STU01411,P003,2025SP,2025SU,Final Program
D001509,STU01412,P003,2023FA,2025SP,Final Program
D001510,STU01413,P001,2023FA,2025SP,Final Program
D001511,STU01414,P001,2025FA,2026SP,Final Program
D001512,STU01415,P001,2025FA,2026SP,Final Program
D001513,STU01416,P007,2022FA,2022FA,Final Program
D001514,STU01417,P003,2024SP,2024FA,Changed Program
D001515,STU01417,P001,2024FA,2025FA,Final Program
D001516,STU01418,P005,2023SP,2026SP,Final Program
D001517,STU01419,P005,2024FA,2025SU,Final Program
D001518,STU01420,P001,2023FA,2024FA,Final Program
D001519,STU01421,P005,2023FA,2025FA,Final Program
D001520,STU01422,P006,2025SP,2026SP,Final Program
D001521,STU01423,P003,2024SP,2024FA,Final Program
D001522,STU01424,P003,2025FA,2026SP,Final Program
D001523,STU01425,P004,2025SP,2025FA,Changed Program
D001524,STU01425,P007,2025FA,2026SP,Final Program
D001525,STU01426,P002,2024FA,2026SP,Final Program
D001526,STU01427,P001,2024SP,2024FA,Final Program
D001527,STU01428,P006,2023FA,2024SU,Final Program
D001528,STU01429,P002,2024FA,2026SP,Final Program
D001529,STU01430,P001,2025FA,2026SP,Final Program
D001530,STU01431,P004,2023SP,2025FA,Final Program
D001531,STU01432,P008,2023FA,2024FA,Final Program
D001532,STU01433,P002,2022FA,2025SP,Final Program
D001533,STU01434,P001,2023FA,2023FA,Final Program
D001534,STU01435,P006,2023FA,2024FA,Final Program
D001535,STU01436,P005,2022FA,2023FA,Final Program
D001536,STU01437,P005,2022FA,2024SP,Final Program
D001537,STU01438,P008,2023SP,2025SP,Final Program
D001538,STU01439,P004,2025FA,2025FA,Final Program
D001539,STU01440,P006,2022FA,2025SP,Final Program
D001540,STU01441,P001,2023FA,2024FA,Changed Program
D001541,STU01441,P008,2024FA,2026SP,Final Program
D001542,STU01442,P003,2023FA,2024SP,Final Program
D001543,STU01443,P005,2023FA,2023FA,Final Program
D001544,STU01444,P003,2022FA,2022FA,Final Program
D001545,STU01445,P004,2023FA,2026SP,Final Program
D001546,STU01446,P006,2025SP,2025FA,Final Program
D001547,STU01447,P001,2024FA,2024FA,Final Program
D001548,STU01448,P008,2023SP,2024FA,Final Program
D001549,STU01449,P006,2024FA,2026SP,Final Program
D001550,STU01450,P004,2022FA,2024SP,Final Program
D001551,STU01451,P003,2023FA,2024SP,Final Program
D001552,STU01452,P003,2022FA,2023SU,Changed Program
D001553,STU01452,P004,2023SU,2024SP,Final Program
D001554,STU01453,P002,2024FA,2025FA,Final Program
D001555,STU01454,P006,2025FA,2025FA,Final Program
D001556,STU01455,P007,2025FA,2026SP,Final Program
D001557,STU01456,P008,2023SP,2024FA,Final Program
D001558,STU01457,P002,2022FA,2024SP,Final Program
D001559,STU01458,P003,2023FA,2024FA,Final Program
D001560,STU01459,P001,2024FA,2024FA,Final Program
D001561,STU01460,P002,2022FA,2024SP,Final Program
D001562,STU01461,P006,2022FA,2023FA,Final Program
D001563,STU01462,P002,2023FA,2026SP,Final Program
D001564,STU01463,P001,2024SP,2024FA,Final Program
D001565,STU01464,P006,2023FA,2025FA,Final Program
D001566,STU01465,P001,2025FA,2025FA,Final Program
D001567,STU01466,P001,2022FA,2023FA,Final Program
D001568,STU01467,P002,2023SP,2024SP,Final Program
D001569,STU01468,P006,2024FA,2025FA,Final Program
D001570,STU01469,P001,2025FA,2025FA,Final Program
D001571,STU01470,P001,2024FA,2024FA,Final Program
D001572,STU01471,P008,2024FA,2025SP,Final Program
D001573,STU01472,P004,2023SP,2023SP,Final Program
D001574,STU01473,P001,2025SP,2026SP,Final Program
D001575,STU01474,P001,2023FA,2024FA,Final Program
D001576,STU01475,P008,2025SP,2026SP,Final Program
D001577,STU01476,P001,2023FA,2025FA,Final Program
D001578,STU01477,P002,2023FA,2024FA,Changed Program
D001579,STU01477,P006,2024FA,2025SP,Final Program
D001580,STU01478,P004,2022FA,2024FA,Final Program
D001581,STU01479,P001,2025FA,2026SP,Final Program
D001582,STU01480,P007,2024SP,2025SP,Final Program
D001583,STU01481,P004,2025SP,2026SP,Final Program
D001584,STU01482,P004,2025FA,2026SP,Final Program
D001585,STU01483,P005,2024FA,2026SP,Final Program
D001586,STU01484,P005,2025FA,2026SP,Final Program
D001587,STU01485,P004,2024SP,2025SP,Final Program
D001588,STU01486,P002,2024SP,2025FA,Final Program
D001589,STU01487,P002,2024SP,2026SP,Final Program
D001590,STU01488,P002,2024FA,2025SP,Final Program
D001591,STU01489,P002,2024FA,2024FA,Final Program
D001592,STU01490,P004,2023SP,2024SP,Final Program
D001593,STU01491,P006,2023FA,2023FA,Final Program
D001594,STU01492,P007,2023SP,2023SP,Final Program
D001595,STU01493,P005,2024FA,2026SP,Final Program
D001596,STU01494,P007,2022FA,2024SP,Final Program
D001597,STU01495,P005,2023SP,2025SP,Final Program
D001598,STU01496,P003,2024FA,2026SP,Final Program
D001599,STU01497,P002,2025FA,2026SP,Final Program
D001600,STU01498,P001,2024SP,2025SU,Final Program
D001601,STU01499,P007,2025FA,2026SP,Final Program
D001602,STU01500,P005,2025SP,2025SP,Final Program
